title,author,source,year,abstract,has_data,raw_answer
常州PM<sub>2.5</sub>中类腐殖质和无机元素的昼夜变化特征及健康效应评价,胡彦钧,"0
source        硕士
source    江苏理工学院
Name: 0, dtype: str",,"大气细颗粒物(PM<sub>2.5</sub>)因粒径小、能深入肺部,而对人体健康产生不良影响;其中类腐殖质（HULIS）和无机金属元素是PM<sub>2.5</sub>中两类重要的具有负面健康效应的化学组分。为探究常州市PM<sub>2.5</sub>的潜在健康效应,本研究于2023年10月27日至2024年1月5日在常州市开展了分昼夜时段（昼:08:00-19:00,夜:19:20-06:20）,连续采集了142个PM<sub>2.5</sub>样品。通过对样品中PM<sub>2.5</sub>、HULIS和无机元素质量浓度的测定,对比分析了昼夜变化特征及来源,并对HULIS的氧化潜势（以DDTv和DTTm表示）以及无机元素的健康效应进行研究。主要结论如下: 1、在观测期间,白天（62.48±27.07μg/m<sup>3</sup>）和夜间（69.82±30.01μg/m<sup>3</sup>）的PM<sub>2.5</sub>的浓度变化趋势基本一致,夜间的PM<sub>2.5</sub>水平略高于白天,但均低于《环境空气质量标准》中规定的日二级浓度限值（75μg/m<sup>",False,否
慈溪市大气污染数字化治理研究,孙杭,"0
source      硕士
source    宁波大学
Name: 1, dtype: str",,"生态文明建设在党的十八大中被纳入中国特色社会主义事业“五位一体”总体布局,会议明确强调要大力推进生态文明建设,努力构建美丽中国,显然生态环境保护已经被提升至极为重要的位置。在经济高速发展的当下,人民的生活水平逐渐提高,但随之而来的大气污染问题也成为各地环境治理中的难点和堵点,这种情况在工业经济发达的城市尤为明显。 慈溪市隶属于浙江省宁波市,是全国经济百强县前十的县级城市。本文以该市为研究对象,结合数字治理理论、环境规制理论以及生态现代化理论等有关公共管理理论,对该市近几年大气环境质量现状以及治理政策落实相关情况做梳理分析,阐明近年来慈溪市在传统治理方式的基础上,通过数字化手段精准治理,在大气污染的防治方面取得了一定的成效,大气环境质量总体呈平稳向好趋势。但通过横向对比,慈溪在宁波市的总体排名仍处于靠后水平,在精准治理方面仍然存在环境感知力分散、数字化协同性不强、综合防治能力不齐等问题,究其原因主要有以下几方面:监管平台多而散导致信息碎片化、监管主体多信息存在壁垒、数字规制能力尚不健全等。因此本文以问题为导向,在大气环境监测、预警、综合治理方面明确提出提高大气环境监测效能、加强大气污染预",False,否
室外空气污染物暴露水平与肺结节不良预后的关联研究,张心悦,"0
source      硕士
source    东南大学
Name: 2, dtype: str",,"研究背景: 肺结节（Pulmonary Nodule,PN）是指肺部直径在3-30mm间的局灶性不透明病灶,影像学检查表现为密度增高的阴影,边界清晰或不清晰,可单发或多发。美国每年约有160万人被检出患有肺结节。而我国一项14 506人参与的低剂量计算机断层扫描（low-dose Computed Tomography,LDCT）肺癌筛查项目中,肺结节的检出率为29.89%。肺结节是肺癌早期影像学表现,而肺癌是全球癌症相关死亡的主要原因之一。肺结节进展反映了其发展为肺癌的潜能,同时也与肺结节患者生存率有关。既往研究表明,室外空气污染物尤其是颗粒物暴露是肺结节和肺癌发生的危险因素之一,而室外空气污染暴露是否会增加肺结节进展的风险却鲜见报道。空气污染物一般混合存在,不同污染物各浓度水平之间存在较强相关性。传统线性回归模型容易受到多重共线性影响,因此只适用于评估单一污染物的效应,无法用于评估混合污染物的效应。近年来,基于分位数的g计算模型（Quantile-Based g-Computation,QgC）及贝叶斯核机器回归模型（Bayesian Kernel Machine Regressi",False,否
长三角地区大气棕色碳光学属性、分子组成与来源研究,徐善淑,"0
source          硕士
source    南京信息工程大学
Name: 3, dtype: str",,"大气棕色碳（brown carbon,Br C）指大气中对从紫外到可见光波段具有较强吸光能力的有机气溶胶（organic aerosol,OA）,不仅影响大气辐射强迫,对空气质量也起着至关重要的影响。棕色碳的来源广泛、种类繁多,不同来源排放的Br C到大气中会受复杂的老化过程影响,进而改变其化学组成及光学属性等。目前对Br C的研究,特别是来源、时空分布特征以及关键Br C组成等方面仍有不足,阻碍了相关模型对其环境与气候效应的评估。因此,在不同地区从源头开展Br C研究是了解Br C大气演化的一个重要前提条件。本研究选取苏州和南京作为我国长江三角洲地区的两个典型研究区域,开展大气Br C来源、光学特性与分子组成的研究。以苏州全年为例开展大气Br C吸光特性与来源季节变化特征的长期性研究,以南京夏季为例开展大气Br C吸光特性、分子组成与来源的短期性深入研究,以揭示长三角地区典型城市大气Br C的污染特征。主要结果如下: （1）苏州全年Br C在370 nm处光吸收系数的平均值为7.0 Mm<sup>-1</sup>,对气溶胶的总光吸收贡献率为16.6%。Br C的吸光系数呈现明显的季节",False,否
19届亚运会期间长三角绍兴市道路大气污染物时空变化特征研究,赵高晗,"0
source        硕士
source    北京建筑大学
Name: 4, dtype: str",,"我国城市机动车保有量日渐增长,机动车尾气排放被认为是城市空气污染的主要贡献者之一。城市街道是人们日常活动的公共空间,也是机动车尾气直接排放的场所。由于城市空间结构的特异性和人为活动的多样性,影响机动车污染物排放的浓度和扩散。目前对于城市街道机动车尾气污染物的排放特性不明确,尤其是在特殊时期的污染物排放特性,这对于改善城市空气质量非常重要。因此,有必要对城市道路大气污染物进行实地观测,认识机动车尾气排放对大气污染物的时空变化特征的影响。 本研究使用便携式大气成分检测仪对19届亚运会期间长三角地区典型城市绍兴市道路近地面大气CO、NO<sub>2</sub>和SO<sub>2</sub>进行走航观测,观测期间将便携式大气成分检测仪搭载在电动自行车上,收集了高时空分辨率的污染物浓度数据。首先,在2022年5月、7月、11月和2023年2月走航观测了绍兴市中心5公里道路,分别对应春夏秋冬四个季节,分析了CO、NO<sub>2</sub>和SO<sub>2</sub>浓度的日变化和季节变化特征以及空间分布特征。其次,在2023年19届亚运会期间绍兴市比赛场馆周围道路进行观测研究,路线全长43公里",False,否
基于系统动力学的江苏省城镇空间碳效应测算与模拟,王欣瑶,"0
source        硕士
source    中国矿业大学
Name: 5, dtype: str",,"随着全球经济社会的快速发展,能源消耗产生的二氧化碳等温室气体排放量骤升,导致全球变暖趋势加剧,进而引发了一系列生态问题。因此,应对全球气候变化成为21世纪人类面临的复杂挑战之一。作为负责任的大国,中国积极应对气候变化,提出了“双碳”战略目标,作出二氧化碳排放力争于2030年前达到峰值,努力争取2060年前实现碳中和的庄严承诺。江苏作为经济大省,虽然其国内生产总值位居全国前列,但快速的工业化和城镇化进程也带来了能源的大量消耗和碳排放量的持续增长,使得江苏省在碳减排的过程中面临着巨大的压力和挑战;如何在保持经济增长的同时,有效降低能源消耗和碳排放,成为当前江苏亟待解决的问题。而城镇空间作为工业、交通、商业及生活等人类活动能源消耗的集中载体,主导着区域内碳排放。因此,推进城镇空间的低碳发展,不仅是实现区域碳减排目标的有效途径,也是促进可持续发展战略的关键环节。本文以系统动力学和GIS空间信息技术为支持,将市域作为评价单元,对东部沿海省份江苏省开展实证研究,并基于城镇空间碳效应机理分析成果,构建城镇空间碳效应系统动力学模型,实现多时态、空间可视化的城镇空间碳效应多情景模拟,以此探索江苏省市域尺",False,否
海陆风环流及对流层顶折卷对长三角空气污染的影响研究,孙璐,"0
source      博士
source    兰州大学
Name: 6, dtype: str",,"长三角地区是我国经济最发达的地区之一,近年来,随着工业化和城市化高速发展,该地区以臭氧（O<sub>3</sub>）和可吸入颗粒物(PM<sub>2.5</sub>)浓度超标为表征的区域性大气污染问题引发了社会广泛关注。自2013年起我国实施污染减排措施以来,长三角地区的空气质量已得到大幅改善,特别是颗粒物浓度明显下降,但O<sub>3</sub>污染问题日益严峻,O<sub>3</sub>已经取代PM<sub>2.5</sub>成为长三角部分地区首要的大气污染物。面对大气污染新问题,除了严格贯彻区域减排政策,也需要从新的角度审视区域气候条件和气象因素对当地空气污染的影响。污染物的垂直传输是影响区域空气质量的重要影响因素,海陆风环流作为近地面中小尺度环流,除了通过改变局地气象条件影响污染物水平分布,还通过改变大气稳定性影响污染物在垂直方向的传输和分布,是影响沿海地区近地面空气质量的重要因素。针对该地区O<sub>3</sub>污染问题,除了考虑人为排放和光化学反应来源外,平流层对对流层O<sub>3</sub>的传输与贡献也是近年来前沿与热点研究方向之一。本研究利用多种观测资料、大气再",False,否
经济高质量发展与大气污染的交互影响及减污路径研究,陈奕青,"0
source        博士
source    中国地质大学
Name: 7, dtype: str",,"党的十九大报告明确提出“协同推进生态优先和绿色发展”的要求以及习近平总书记多次强调“既要绿水青山也要金山银山”,均表明了在保障经济发展质量的同时,推动城市减污已成为生态文明建设和绿色发展的必然要求。然而,在经济下行压力不断上升的背景下,还要加强对环境的严格约束,这无疑是一个巨大的挑战。因此本文基于2013-2020年长江经济带107个地级市的面板数据,在现有研究的基础上,从概念界定、实证检验、实现路径及政策建议四个核心方面,对经济发展和大气环境保护共生共赢的问题进行了深入研究。通过深入剖析经济与大气环境协调发展之间的逻辑关系,直面现实困境,构建了兼顾经济发展质量的城市减污路径,最终着眼于大气环境治理政策的布局上。本文以“文献梳理-理论框架建立-现状分析-实证检验-政策建议”为研究路径,主要研究内容及结论可以概括为以下几个方面: 第一,对经济高质量发展和大气污染的相关文献进行梳理,并阐释了大气环境的常规治理模式和“运动式”治理模式;从理论层面探讨了经济高质量发展与大气污染间的双向影响效应及其路径机制,构建了兼顾经济发展与大气环境保护的城市发展理论分析框架。 第二,构建评价经济高质量发展的",False,否
基于ARIMA-BP模型的二氧化碳与大气污染物排放预测及协同效益研究,后玲,"0
source      硕士
source    东南大学
Name: 8, dtype: str",,"城市二氧化碳（CO<sub>2</sub>）及大气污染物排放控制是应对气候变化和空气污染的重要领域,建立有效的排放预测模型对于制定合理的减污降碳协同政策至关重要。鉴于现有研究对此领域探讨不足,加之城市排放受众多因素影响,使得其预测工作极为复杂。为提升预测的准确性并简化数据收集过程,本文以苏州市为研究对象,提出一种新颖的预测模型,基于最小绝对收缩和选择算子（Lasso）回归模型、自回归移动平均（ARIMA）模型以及反向传播（BP）神经网络组合的模型方法,即Lasso-ARIMA-BP模型方法预测能源消耗产生的CO<sub>2</sub>及大气污染物排放量,结合情境分析方法,设置基准、低碳、示范三种情境,分析不同情境下CO<sub>2</sub>达峰、中和的时间及相应排放量以及各情境大气污染物排放量。基于摄入分数（IF）法评估CO<sub>2</sub>达峰及中和时协同减少大气污染物对过早死亡、呼吸系统住院、急性支气管炎、慢性支气管炎、心血管住院以及哮喘等健康效应的影响。本研究可为CO<sub>2</sub>及大气污染物协同减排提供理论依据,为苏州市“双碳”及减污降碳目标的实现提出针对性建",False,否
气象因素和大气污染对人群死亡率的影响及预测研究,黎丽琴,"0
source        硕士
source    海南师范大学
Name: 9, dtype: str",,"随着工业化和城镇化的快速发展,气候变化和大气污染等环境问题已成为全球性的挑战,直接或间接地影响人类的健康和生存。2022年9月,国家科技基础资源调查专项“我国区域人群气象敏感性疾病科学调查”通过验收,此调查旨在构建覆盖全国的气象敏感性疾病共享基础数据库,探索和制定适应于不同区划、不同敏感疾病和脆弱人群的气候变化适应策略。因此,有关气象因素和大气污染对人群健康的影响研究显得尤为重要。本文以宁波市为例,利用分布滞后非线性模型和广义相加模型研究气象因素和大气污染对人群死亡率的影响及预测问题,旨在为环境保护和人类健康提供一定的科学依据。 本文的主要工作是:首先,对数据进行描述性统计分析,对宁波市2014-2018年的逐日死亡、气象和大气污染情况进行一一展示;其次,利用分布滞后非线性模型,分别研究日均气温、气温变化对不同疾病、不同年龄和不同性别亚组人群死亡的影响,并识别出敏感性疾病和脆弱人群,评估其归因负担;再次,利用广义相加模型建立基于各污染物的单污染模型,研究各种污染物对人群死亡率的影响,并针对呼吸系统疾病建立多污染物模型,构建空气质量健康指数(AQHI),以全面评估大气污染对人群死亡的综合",False,否
基于数据降维和时空特征提取的PM2.5浓度预测模型研究,韩雪微,"0
source        硕士
source    北方民族大学
Name: 10, dtype: str",,"空气质量问题一直是人们关注的重点,建立一个高准确性的PM2.5浓度预测模型,对于环境保护和社会发展具有重要意义。本文提出了基于PCA-CNN-LSTM模型和SAE-CNN-LSTM模型的PM2.5浓度预测算法,其中应用主成分分析法（Principal Component Analysis,PCA）和栈式自编码算法（Stacked Autoencoder,SAE）对目标环境监测站点的变量进行特征降维,同时应用K均值聚类算法（K-means clustering algorithm,K-means）根据经纬度对环境监测站点进行聚类,使用卷积神经网络模型（Convolutional Neural Network,CNN）提取聚类后环境监测站点空气污染物变量的数据特征,最后应用长短期记忆神经网络模型（Long Short-Term Memory,LSTM）提取时间特征。选择三个地理位置、气候特点完全不同的城市沈阳市、苏州市、重庆市2020年1月1日到2021年12月31日每小时空气污染物数据和气象数据来验证模型的准确性和普适性,并将本文提出的两种模型分别与BP神经网络模型（Back Propa",False,否
湖滨带景观特征及其水环境质量研究,孙一鸣,"0
source        硕士
source    苏州科技大学
Name: 11, dtype: str",,"湖滨带是湖泊和陆地之间重要的生态交错区,湖滨带特定的景观特征造就了生物的多样性,同时对水环境质量的提升具有积极作用。太湖湖滨带受风浪冲刷及人为干扰导致相关功能受损并对水环境质量产生影响,而湖滨带生态修复已成为提升太湖水环境质量的重要措施,修复后的湖滨带形成独特的景观特征并作用于水环境质量,探明二者之间的关联性,为湖滨带生态修复及景观营造提供参考借鉴。 基于苏州太湖湖滨带生态保护与修复实践,选取太湖湖滨国家湿地公园、太湖三山岛国家湿地公园湖滨带生态修复区域为研究对象,以景观生态学、恢复生态学等为理论基础,通过实地调研与现场监测,采用景观指数法、反距离权重插值法、主成分分析等研究方法对湖滨带景观特征进行识别,并分析水环境质量变化,以此探明生态修复后湖滨带景观特征及水质变化规律,进一步采用相关性分析、多元逐步回归揭示二者之间的关联性,最后运用BP神经网络模型预测水质变化趋势,基于此提出湖滨带景观优化策略。研究成果如下: (1)从自然属性、空间属性两个方面对湖滨带景观特征进行识别。选取植被类型、鸟类类群、空间形态、景观结构等7项指标构建湖滨带景观特征识别框架并识别。结果表明:太湖湖滨植被类型及",False,否
常州大气PM<sub>2.5</sub>的季节污染特征、氧化潜势及来源解析,崔尧嘉,"0
source        硕士
source    江苏理工学院
Name: 12, dtype: str",,"大气细颗粒物(PM<sub>2.5</sub>)可以通过诱导生物体产生过量活性氧物种（reactive oxygen species,ROS）导致氧化应激继而引发多种疾病,这种诱导产生ROS的能力被称作氧化潜势（oxidative potential,OP）,因此对PM<sub>2.5</sub>的氧化潜势的评估是衡量其健康风险的重要指标。本研究于2021年3月-2022年2月在常州地区采集一年的PM<sub>2.5</sub>样品（n=305）,测定了PM<sub>2.5</sub>中的常规性组分包括水溶性有机碳（WSOC）、水溶性离子（WSIIs）、碳质组分如有机碳（OC）、元素碳（EC）等的浓度水平,并进行了季节性对比。另外,为研究常州地区PM<sub>2.5</sub>的健康风险,采用二硫苏糖醇（DTT）法研究了PM<sub>2.5</sub>组分的OP,联合正定矩阵因子分解法（PMF）和多元线性回归（MLR）详细解析了DTT活性的来源。具体研究结果如下: 常规性组分结果表明,PM<sub>2.5</sub>全年日平均质量浓度为65.5±31.2μg/m<sup>3</sup>",False,否
苏南五市秋冬季PM<sub>2.5</sub>丰量组分、有机分子组成和来源解析研究,华楠,"0
source          硕士
source    南京信息工程大学
Name: 13, dtype: str",,"为了解苏南城市地区在《大气污染防治行动计划》和《打赢蓝天保卫战三年行动计划》实施以来,大气细颗粒物(PM<sub>2.5</sub>)的化学组成和来源分布情况,本研究在南京、苏州、无锡、常州和镇江五座城市同步采集PM<sub>2.5</sub>滤膜样品。各采样点在秋、冬季（2020年9月1日至2021年2月28日）每三天采集一次（10:00至翌日9:00,23 h）,将PM<sub>2.5</sub>分别收集于特氟龙（N=610）和石英滤膜（N=610）上。经实验室分析获得水溶性无机离子、碳质组分（organic carbon,OC;elemental carbon,EC）、非极性和极性有机示踪物的浓度数据以及甲醇可提取OC（methanol extractable OC,MEOC）的吸光作用（棕碳;brown carbon,Br C）,在此基础上分析了PM<sub>2.5</sub>各组分和Br C吸光作用的时空变化情况。另外,采用正矩阵因子分析（positive matrix factorization,PMF）模型基于有机示踪物数据解析苏南五市PM<sub>2.5</sub>中各",False,否
长三角地区大气棕色碳气溶胶光学性质、来源与分子特征研究,麻昊,"0
source      硕士
source    天津大学
Name: 14, dtype: str",,"大气棕色碳气溶胶是有机气溶胶中的吸光组分,在地球系统辐射平衡中发挥着重要作用,可以直接或间接地影响太阳及地球的辐射进而改变全球气候。尽管棕色碳气溶胶的光吸收能力已被广泛认可,但其组成复杂且来源多样,导致目前对不同环境大气棕色碳光吸收的时空演变规律及其对气候影响的认识仍存在较大的不确定性。因此,阐明典型环境大气棕色碳气溶胶光学特性、来源以及分子组成,有助于更准确地揭示棕色碳的辐射强迫影响,同时也为进一步完善气候模型、准确评估气溶胶的气候效应提供理论支持与数据支撑。 长江三角洲地区位于我国东部沿海,是我国城市化与工业化发展最迅速的地区之一。近年来,由于人为活动排放的大气污染物快速增加,长三角地区的大气气溶胶污染成为影响该地区的主要环境问题之一,已经引起了社会各界的广泛关注。然而,关于长三角地区大气棕色碳光学特性时空演变规律及其来源和影响因素的研究仍然较为匮乏,制约了对该地区气溶胶污染特征和环境气候效应的全面深入理解。基于此,本研究选取长三角地区典型的内陆（合肥）和沿海（宁波）城市站点,分昼夜和季节开展大气PM<sub>2.5</sub>气溶胶的样品采集,综合利用紫外-可见光谱（UV-Vis",False,否
基于深度学习的室内外空气质量预测方法研究,晏俊,"0
source        硕士
source    苏州科技大学
Name: 15, dtype: str",,"随着社会的发展,在国家发展中,党中央多次强调要注重环境保护和空气质量保护,要保障人民群众的身体健康和生活质量,因此,室内外空气质量是影响人类健康和生活质量的重要因素之一。不仅对人们的健康有着直接的影响,还会对环境产生负面影响,例如导致大气污染、气候变化等问题。尤其在城市中,随着工业、交通等人类活动的不断增加,室内外空气质量监测和管理的重要性日益凸显。因此,研究一种高效、准确的室内外空气质量预测方法具有重要的理论和实践意义。 在室内外空气质量预测中,传统的深度学习模型存在一些不足之处。首先,由于深度学习模型往往需要大量的数据来训练,因此在数据量不足时,模型可能会出现过拟合的问题,影响预测结果的准确性和可靠性。其次,现有的物理模型(WRF-CMAQ)也存在诸多不足,需要大量的计算资源和时间,计算复杂度较高,因此在计算效率和实时性上存在一定的局限性。同时,WRF-CMAQ模型的精度和可靠性受到气象因素、大气化学反应机制等因素的影响,模型在某些复杂环境下的预测效果可能会降低。针对这些问题,需要探索一种高效、准确的室内外空气质量预测方法。主要研究内容如下: (1)提出了引入室外特征的预测方法来对",False,否
净水厂滤池反冲洗水特征规律及回用技术研究,蒋浩男,"0
source        硕士
source    苏州科技大学
Name: 16, dtype: str",,"城市净水厂（WTP）的砂滤池（SF）和生物活性炭滤池（BACF）作为重要的净水工艺流程,在运行一段时期需要进行反冲洗,来达到恢复其净水效能的目的,过程会产生滤池反冲洗水（FBW）。大多数净水厂选择将其回用,实现节约淡水资源和低废水产出的目的。本文根据当地水源水质特性、结合活性炭深度处理工艺特点,制定适当的水质分析方法,研究发现,滤池反冲洗水中浊度、氨氮、有机物含量、消毒副产物生成潜能等特性整体可控,直接回用对出厂水质影响不大;反冲洗水中有机物以小分子为主,“<1 KDa”与“1-3 KDa”分子量区间有机物浓度夏季在1.5-2 mg/L,冬季浓度在0.9-1.5 mg/L,疏水性有机物占比超70%,考虑到小分子有机物与疏水性有机物为消毒副产物产生的主要前体物,需重点监测;微生物属性研究显示,反冲洗水中2-5μm颗粒占比超50%,冲洗前期在20000个/L上下浮动,具有一定回用风险,需严格控制回用比例和常规工艺管控水平;对夏、冬两季回用水质表征发现,冬季反冲洗水质优于夏季,在夏季砂滤池三氯甲烷含量高于60μg/L,高于饮用水安全规定的指标。夏季反冲洗水在回用时应重视回用水质量与工艺控制水",False,否
低共熔溶剂分散液相微萃取石墨炉原子吸收法测定铬、硒、镉,陈蓓蓓,"0
source        硕士
source    苏州科技大学
Name: 17, dtype: str",,"随着社会经济的发展,环境水体以及大气污染越来越严重,水环境以及大气环境中大量存在的金属元素不仅会造成环境污染,对人体健康也会造成严重危害。目前用于富集提取金属的前处理方法,大多在萃取过程中使用了有毒试剂,往往会对环境造成污染,不能够满足绿色化学的要求。如今,低共熔溶剂作为传统溶剂的替代品发展起来,由于其具有低挥发性、低成本、可生物降解性和低毒性、不可燃性等优点,被视为绿色溶剂。本文合成了不同的低共熔溶剂作为分散液相微萃取过程中的萃取剂,可以有效避免有毒试剂的使用,再与连续光源石墨炉原子吸收光谱法联用,建立了测定铬、硒以及镉的方法,并应用于自来水、河水、湖水中铬、硒、镉以及大气颗粒物中铬、镉的测定分析。研究成果如下: (1)选用百里酚为氢键受体(HBA),辛酸为氢键供体(HBD)合成了低共熔溶剂(DES),建立了基于低共熔溶剂的分散液相微萃取-连续光源石墨炉原子吸收光谱法测实际水样和大气颗粒物中铬的方法。分别从萃取剂的种类、HBA与HBD的摩尔比、萃取剂的体积、分散剂的种类及体积、螯合剂的种类及体积、p H、萃取时间、离心时间等方面考察了对铬的萃取效果。结果表明,在百里酚与辛酸的摩尔比为",False,否
基于空间计量模型的PM<sub>2.5</sub>时空演进及其对多维城镇化的响应研究,王诗雨,"0
source        硕士
source    苏州科技大学
Name: 18, dtype: str",,"中国的城镇化一直保持快速增长。城镇化在带来大量收益的同时,以PM<sub>2.5</sub>为主的细颗粒物引发的大气污染日益加剧。为解决传统城镇化进程中存在的生态环境问题,2020年,《中共中央关于制定国民经济和社会发展第十四个五年规划和二〇三五年远景目标的建议》明确指出“推进以人为核心的新型城镇化”,将绿色发展理念贯穿于空间领域。这也为生态文明新视角下的城镇化研究提供了政策支持。分析PM<sub>2.5</sub>污染的时空演变规律,并探究PM<sub>2.5</sub>污染与城镇化各子系统之间的关系,对于提出针对性的区域大气污染联防联控措施、实现长三角城市群高质量发展与生态文明建设的双赢至关重要。 本研究以长三角41个地级市为研究对象,首先,基于2004-2018年的社会经济数据,对经济、人口、土地、生态城镇化水平进行时空分析;其次,综合运用标准差椭圆、趋势分析、空间自相关等方法从时序演变、空间演进、时空特征3个方面,揭示近15年长三角PM<sub>2.5</sub>污染时空变化规律;最后,通过熵权法构建经济、人口、土地、生态四个城镇化体系,选用动态空间模型,从理论上分析城镇化各维",False,否
城市公园竹类景观林康养功能评价与作用研究,王锐涵,"0
source        博士
source    南京林业大学
Name: 19, dtype: str",,"21世纪全球人类健康问题成为共识。党的十八大把人民健康放在优先发展的战略地位,做出“全面推进健康中国建设”的重大决策部署;党的十九大明确指出“实施健康中国战略”。当前,城市生态环境日趋恶化,各类生理疾病和心理疾病严重影响公众健康。中国的竹类植物有39属、870余种,占全球1642个竹种的50%。中国拥有世界上最丰富的竹子资源,竹林面积和储蓄量均位于世界首位。竹类植物资源是城市中重要的康养资源,能够改善人居环境、提高公众健康、塑造城市地域景观。因此,展开竹类植物资源的园林康养研究是森林康养研究的重要组成,是应时代需要,公众需求的重要方面,也是风景园林学科的学科内涵不断丰富、学理逻辑不断完善、技术方法寻求突破过程中的重要研究内容之一。 在理论层面,本研究梳理了竹类植物、康养、森林康养、园艺疗法、园林康养的内涵,辨析了竹林康养与森林康养、广义园林康养、狭义园林康养之间的包含关系,以推演竹林康养内涵的内在逻辑以及理论内核基础。通过竹类植物康养研究的中英文文献,总结了中文文献在文献研究主题方面的分布特征以及文献载体的特征,英文文献在研究内容、研究领域的动态变化。中文文献的主题主要围绕环境康养、景",True,是
梅雨期无锡太湖北岸大气污染物变化特征研究,吴昭烨,"0
source          硕士
source    南京信息工程大学
Name: 20, dtype: str",,"无锡市位于中国江苏省南部,地处长江三角洲腹地,是太湖流域的交通枢纽。无锡作为苏锡常都市区的中心地带,一直是经济发展最快的城市之一。随着我国区域经济的迅速发展,能源的消耗量持续增长,大气污染也日趋严峻。对无锡市大气污染物宏微观变化特征研究,可以完整地了解无锡市大气污染的形成机制,为区域大气污染防治提供科学依据。目前大部分研究多关注秋冬季大气颗粒物污染,夏季的大气污染物变化与江淮梅雨季节相重合,并且也恰逢夏收夏种。气象条件和人类秸秆焚烧的共同作用对江苏南部地区的大气污染的影响及其机理,尚未有一个非常清晰的认识。围绕以上问题,本研究开展以下研究:首先,为了研究夏季风降水梅雨期无锡太湖北岸大气污染物长期变化特征,利用2011—2020年5—7月太湖北岸大气成分和地面气象要素逐小时数据,分析了梅雨前、梅雨期间和梅雨后太湖北岸6种大气污染物浓度长期变化特征、大气污染物变化与气象条件的相关性,以及夏收夏种农业活动对梅雨期太湖北岸大气污染物的影响。其次,为了分析梅雨期太湖北岸大气颗粒物和降水的化学组成,利用无锡市2016年6月至7月连续采集的9个粒径段大气颗粒物样品和大气降水的样品数据,分析了太湖北岸",False,否
大气污染治理中地方政府履责研究,胡灵,"0
source        硕士
source    南京农业大学
Name: 21, dtype: str",,"近年来随着绍兴市工业化进度的深入发展,经济发展效益取得了一定的成就,其地区生产总值常年处于全国338个地级市的前40位,是浙江省内乃至长三角一体化发展城市群中的重要一员。经济的飞速发展,却常常伴随着绍兴市本地自然生态环境效益的损害,特别是大气环境的污染更是直接威胁绍兴市社会公民的身心健康。绍兴市人民政府积极响应国家和省级大气环境污染治理政策,认真履行相关法律规定的大气污染治理政府责任,但是治理效果差强人意。为了提高大气环境污染治理绩效,对地方政府在大气污染治理履行政府责任的能力等进行深入研究有积极的现实意义。 本文以绍兴市YC区人民政府在大气污染治理中履行政府责任作为研究对象,运用责任政府理论、公共物品理论与外部性理论,采取文献分析、案例分析等方法,从绍兴市YC区人民政府大气污染治理履责实践入手,在阐述当前YC区大气污染三大主要来源现状的基础上,对YC区政府从统筹规划经济社会发展与大气治理工作、合理规划工业布局、加强防治大污染的科学研究、出台大气污染治理措施四个方面履行政府责任的状况进行分析,同时,对YC区FQ矿简易垃圾堆放场大气污染治理政府履责典型案例进行深入剖析,梳理政府在大气污染",False,否
苏州市区臭氧污染特征分析及对策研究,杨洁,"0
source        硕士
source    苏州科技大学
Name: 22, dtype: str",,"近年来,臭氧污染问题已经成为人们关注的焦点。高浓度的臭氧对人体健康和生态环境都具有很大的危害性,其污染成因的复杂性使得治理过程有一定的难度。本文通过对苏州市区2015～2019年8个国控监测站点的臭氧及NOx进行分析,结合气象因素、PM2.5,对臭氧浓度的时空变化特征进行研究,同时对大龙港新村附近某一监测点的VOCs数据（2019年5月和7月）进行臭氧敏感性和臭氧生成潜势分析,并对VOCs来源进行源解析,主要的研究结论如下: （1）通过对苏州市区2015～2019年的臭氧浓度时空变化特征进行分析,结果表明,臭氧日最大8小时平均浓度第90百分位数在165～175μg/m<sup>3</sup>范围内变化,且均超过二级浓度标准160μg/m<sup>3</sup>。研究时段内,苏州市区并无重度污染和严重污染的情况出现,但会出现一定的轻度污染和中度污染现象。虽然2017年至2019年臭氧超标率有些许的下降,但中度污染天数减少不明显。轻度污染和中度污染主要集中4～9月份,其中度污染5～6月份,臭氧浓度高值区主要是在春夏季节,秋冬季节浓度较低。臭氧24小时变化特征呈现“单峰”型分布,在15:00",False,否
测定大气颗粒物中多溴二苯醚和有机磷酸酯的样品预处理方法研究,李洒洒,"0
source        硕士
source    苏州科技大学
Name: 23, dtype: str",,"随着人类对多溴二苯醚（Polybrominated biphenyl ethers,PBDEs）和有机磷酸酯（Organophosphorus esters,OPEs）的使用需求不断增加,PBDEs和OPEs已在环境中普遍存在。PBDEs和OPEs容易通过挥发或渗出进入空气中,在大气颗粒物上积累,部分PBDEs和OPEs属于持久性污染物,易在生物体内蓄积,人类健康已逐渐受到影响。因大气颗粒物中存在有机污染物种类多,基质复杂,单一的提取技术难以满足仪器设备对样品分析的要求。后续需结合净化技术,去除基质中杂质。因此建立绿色、简单、高效的大气颗粒物中PBDEs和OPEs样品前处理方法至关重要。本论文针对阻燃剂类污染物,分别开发了超声提取-分散液液微萃取测定大气颗粒物中多溴二苯醚及其有机磷酸酯、超声提取-直接浸入式固相微萃取测定大气颗粒物中有机磷酸酯的样品前处理方法,并将开发方法应用于实际大气样品的分析测定。论文内容如下:（1）优化了大气颗粒物PM<sub>10</sub>中7种多溴二苯醚提取及净化过程的实验条件,结合气相色谱-质谱联用仪测定。样品经超声提取后,采用分散液液微萃取进行净化富集,",False,否
苏州城区雨水管道沉积物污染特征及氮磷释放规律研究,叶蓉,"0
source        硕士
source    苏州科技大学
Name: 24, dtype: str",,"苏州河道众多,河道周边人居稠密,服务业发达,建筑密集,可渗透地面面积较少,城区河道水流缓慢,“控源截污”和减排等工程实施后,河道水质得到一定的改善,但是仍需继续加强河道污染控制。雨水管道沉积物作为入河污染源之一,在降雨径流的作用下沉积物内的污染物质被冲刷释放进入河道。本研究于2020年～2021年雨季和旱季在苏州典型功能区,即生活区（A1）、商业区（A2）、历史文化保护区（A3）和文教区（A4）采集了8个代表性样点管道沉积物、街尘和沉积物上覆水样品,测定了管道沉积物、街尘和上覆水的碳氮磷类污染物指标的含量,以及管道沉积物和街尘的重金属含量,评价了管道沉积物和街尘的污染程度,并分析不同粒径沉积物-街尘间的迁移特征;以苏州典型管道沉积物为例开展雨水管道沉积物-上覆水污染物交换的室内模拟实验,解析了环境因子对氮磷交换过程的影响,通过响应面法优化,明确环境因子交互作用对氮磷污染物交换通量的影响。苏州典型区域雨水管道沉积物中污染物氮、磷含量较高,重金属含量较低。管道沉积物-街尘中碳氮磷类污染物含量分布特征总体表现为:A2>A1>A3>A4,沉积物ω（TOC）、ω（TN）、ω（TP）和ω（NH<s",False,否
基于碳交易的装配式混凝土建筑装配阶段减排效益分配机制研究,廖诗峰,"0
source        硕士
source    苏州科技大学
Name: 25, dtype: str",,"随着我国碳减排的进程逐步推进,碳交易制度的全面施行也紧随而至,尤其是我国提出2030年碳达峰和2060年碳中和的双碳目标后,碳交易制度开始逐步进入全国各个高能耗行业,建筑业作为高碳排放行业,减排迫在眉睫。装配式混凝土建筑作为绿色建筑代表,在节能减排上具有明显优势,在碳减排的背景下,装配式混凝土建筑大规模发展过程中包含诸多减排效益。目前装配式混凝土建筑一方面存在效益量化分配不合理的问题,另一方面装配式混凝土建筑在碳交易制度下的减排效益相关研究较少,同时还缺乏关于装配阶段的研究,而减排效益需要被更明晰的体现和发掘才能有效促进建筑业工业化和实现建筑业碳减排目标。因此,本文制定如下研究目标:（1）构建装配式混凝土装配阶段减排效益量化模型;（2）通过分析减排效益分配影响因素形成效益分配影响因素体系;（3）基于Shapley值法建立装配式混凝土建筑装配阶段减排效益分配机制。论文基于碳交易进行了装配式混凝土建筑装配阶段减排效益分配机制的研究。首先结合我国装配式混凝土建筑装配阶段的减排效益内涵,从经济、环境、社会三个维度搭建了装配式混凝土建筑装配阶段减排效益量化指标体系并形成了量化模型。其次通过利益相",False,否
空气污染对江苏省典型地区人群健康效应影响及预警研究,周连,"0
source          博士
source    南京信息工程大学
Name: 26, dtype: str",,"随着工业化和城镇化的加速推进,空气污染对人群健康的影响持续受到关注。本文以江苏省典型地区为研究对象,收集气象、空气污染、死因、流感样病例等资料,现场检测儿童肺功能,采集PM<sub>2.5</sub>滤膜进行成分分析,对江苏省典型地区空气污染对人群健康效应的影响进行模型分析,探讨空气污染物对流感样病例、儿童肺功能的急性影响,空气污染对人群死因的影响,归因于PM<sub>2.5</sub>、PM<sub>10</sub>、NO<sub>2</sub>及未来情景的分病种超额死亡数,以及PM<sub>2.5</sub>成分中苯并[a]芘的超额致癌风险,建立江苏省空气质量健康指数（AQHI）预警系统,为制定降低空气污染对一般人群和特殊人群健康风险的政策措施提供科学依据。主要结论如下:（1）PM<sub>2.5</sub>、PM<sub>10</sub>等污染物对流感样病例和儿童肺功能的影响呈现急性效应。流感样病例发病相关的空气污染暴露期是发病开始前3天,这个和流感病毒潜伏期一致;PM<sub>2.5</sub>和PM<sub>10</sub>对人群流感样病例发病的影响存在5-14岁年龄组大于0",False,否
典型水产危害性微藻的多重核酸检测技术研究,张春云,"0
source      博士
source    宁波大学
Name: 27, dtype: str",,"随着全球气候变化、海水富营养化以及人类活动的加剧,有害藻类在全球的扩散加快,分布愈加广泛。特别是一些产毒微藻可通过爆发性增殖形成有害藻类水华（harmful algal blooms）,产生生物毒素,破坏海洋生态系统平衡,影响水生养殖动物生存和渔业经济可持续发展,并威胁水产食品卫生安全。因此,对海洋环境中的水产有害微藻开展实时监控成为亟需解决的问题。然而,当前仍缺乏准确、高效和快速的有害微藻检测手段,尤其是缺乏可直接应用于海水养殖生产基层或渔业管理的水产有害微藻检测技术。为此,本文聚焦我国沿海典型水产有害微藻,包括米氏凯伦藻（Karenia mikimotoi）、塔玛亚历山大藻（Alexandrium tamarense）、海洋卡盾藻（Chattonella marina）、微小原甲藻（Prorocentrum minimum）和赤潮异弯藻（Heterosigma akashiwo）,以特异性引物和分类探针为基础,采用特殊的引物标签设计策略,通过凝胶电泳、膜基分类芯片及侧流层析试纸条等检测平台,递次建立多重聚合酶链式反应（multiplex polymerase chain react",False,否
基于ARIMA-BP神经网络的PM2.5组合预测,张晶晶,"0
source      硕士
source    兰州大学
Name: 28, dtype: str",,"伴随着生活质量的进步,大气净化和环境保护问题愈发引起人们的关注与思考,环境为何变差以及如何对其进行有效治理成了我们亟需探究的问题.在环境污染防治中,雾霾问题极其突出,且PM2.5是雾霾的主要成分.因此,PM2.5质量浓度的分析与预测对治理雾霾至关重要.本文选取了北京市、苏州市、重庆市和兰州市这四个城市2020年1月1日至2020年12月31日,共366天的空气质量数据.通过特征分析、模型选择和实证分析,选择出最优的预测模型,对PM2.5质量浓度进行预测,并根据预测结果为相关部门在制定政策和完善制度等方面提供真实有效的数值参考.首先,对四个城市2020年PM2.5质量浓度数据进行特征分析.结果表明,四个城市全年的PM2.5质量浓度数据均表现出一定的季节性特征.其次,利用PM2.5与PM10、SO<sub>2</sub>、CO、NO<sub>2</sub>和O<sub>3</sub>这五种大气污染物的散点图和相关系数表来探究这六种大气污染物之间的相关性.结果表明,四个城市的PM2.5与PM10,SO<sub>2</sub>,CO,NO<sub>2</sub>之间分别表现出不同水平的正相关性",False,否
城市公共服务与生态系统服务空间权衡及协调策略研究,侯宪瑞,"0
source        硕士
source    浙江财经大学
Name: 29, dtype: str",,"近四十年来,我国经历了快速的城市发展,城市化水平显著提高。城市的快速发展虽然使城市公共服务水平得到提升,但随着建设用地的扩张,生态用地不断被占用,不可避免的对生态系统造成影响,导致生态系统服务功能下降。城市的可持续发展是当前研究的热门课题,也是人类生存发展过程中面临的重要问题之一。不合理的城市发展规模及土地管理规划无疑会给生态系统和人类的可持续发展带来巨大压力。环杭州湾城市群是我国社会经济发展最发达的地区之一,面积约占浙江省的44%,城镇化率超过70%。近年来环杭州湾城市群发展迅速,人口数量的不断增加与集聚导致城市建设用地与城市生态用地发生空间竞争,城市公共服务与生态系统服务间的冲突问题严峻,制约了城市群的健康发展。因此,本研究选取环杭州湾城市群作为研究区域,分析城市公共服务与生态系统服务空间上的权衡与协同关系,探索两者数量上存在的阈值范围。构建环杭州湾城市群分区指标体系,对环杭州湾城市群进行空间分区,针对不同区域提出城市土地利用优化建议,为未来城市的土地管理与利用、生态资源保护及可持续发展提供重要参考价值。本论文得出的主要结论如下:(1)固碳释氧、水源涵养、植被滞尘、降温和生境质量五",False,否
宁波沿海大气气溶胶粒径分布特征、新粒子生成及化学组分研究,黄向鹏,"0
source          博士
source    南京信息工程大学
Name: 30, dtype: str",,"中国沿海地区,包括长江三角洲（长三角）、珠江三角洲（珠三角）等经济圈,人口稠密,各类制造业集中,大气颗粒物污染问题十分严峻。沿海地区同时受到陆地气团和海洋气团的影响,且因近岸海域因富营养化和藻类养殖,以及海水表面发生的非均相反应等,都会产生大量的挥发性化合物,是沿海新粒子生成的重要来源。在此复合污染的大背景下,研究沿海地区大气气溶胶的粒径分布特征、新粒子生成及其化学组成,对厘清我国沿海颗粒物复合污染成因具有重要意义。本研究分析了宁波一个沿海工业园区冬季颗粒物污染的生消过程,观测期包含了污染前期、重污染期、新粒子生成期和中国春节期四个典型过程。通过正矩阵因子分解法（PMF）解析出了3个粒径分布因子和3个有机气溶胶（OA）因子,研究了四个典型时期不同因子的相对贡献和潜在源区。结果表明,老化的250 nm、新鲜的35 nm与80 nm因子的相对贡献受本地一次排放和区域新粒子生成的强烈影响。硝酸盐和硫酸盐对非难熔的亚微米气溶胶（NR-PM<sub>1</sub>）的贡献大小取决于气团是经过海洋还是大陆。受干冷的大陆气团影响时,硝酸盐贡献最大（占NR-PM<sub>1</sub>的44%）,而高",False,否
苏沪14市空气质量状况及宿迁市VOCs特征研究,蔡乐天,"0
source          硕士
source    南京信息工程大学
Name: 31, dtype: str",,"苏沪地区的经济发展和城市化进程发展迅速的同时大气环境污染问题也更加显著。本文基于2015年-2020年苏沪14个城市99个监测站点的6项污染物浓度数据研究了苏沪14市空气质量的时间分布特征及城市分布特征,比较环境空气质量及污染物浓度水平情况不同时间尺度的变化特征,重点分析了PM<sub>2.5</sub>和O<sub>3</sub>的日变化特征、相关关系以及影响因子。通过多点连续采样,分析了宿迁市夏季VOCs的污染特征及其对O<sub>3</sub>、SOA的贡献,并结合PMF受体模型进行了VOCs来源解析。本文的主要结论如下:（1）2015年-2020年苏沪14市空气质量总体趋好,但城市间存在差异,其中宿迁增加最显著、无锡下降最显著。AQI和6项污染物呈逐年递减趋势。从季节平均变化来看,PM<sub>2.5</sub>、PM<sub>10</sub>、SO<sub>2</sub>、NO<sub>2</sub>和CO冬高夏低,O<sub>3</sub>夏高冬低。从月均变化来看,PM<sub>2.5</sub>、CO、PM<sub>10</sub>、SO<sub>2</sub>、NO<s",False,否
常州地区气态亚硝酸（HONO）来源研究,戈逸峰,"0
source          硕士
source    南京信息工程大学
Name: 32, dtype: str",,"大气中气态亚硝酸（HONO）是羟基自由基（OH）的重要来源,长期以来被认为在大气化学机制中具有重要的意义,但HONO的各来源的相对贡献仍存在争议。在本次研究中,我们于2017年4月3日至2017年4月24日期间在江苏省常州市环境监测中心通过采用自主搭建的基于湿化学方法和液态波导长路径吸收光谱技术的监测仪器对HONO进行监测,同时对相关污染物浓度和参数进行同步测量。 本次观测结果显示,HONO平均混合比浓度为1.55±1.21 ppbv,同时通过挑选5个新鲜排放的气流进行计算得到常州地区的直接排放系数的平均值为0.69±0.48%。研究发现,HONO/NO<sub>2</sub>随着相对湿度增加而增加,转折点为70%,之后随着湿度增加保持平衡状态;通过计算得到夜间非均相转化速率(C<sub>HONO</sub>)为0.018 h<sup>-1</sup>,其中通过分类天的数据可知,重污染天（P1）的转化率为0.024 h<sup>-1</sup>,轻污染天（P2）的转化率为0.016 h<sup>-1</sup>,清洁天（P3）期间的平均转化率为0.004 h<sup>-1</sup>,",False,否
苏州湿地水体透明度变化趋势及影响因素分析,张睿婷,"0
source        硕士
source    南京林业大学
Name: 33, dtype: str",,"苏州地处长江、太湖两大流域的下游,是典型的水网城市,具有丰富的湿地资源。苏州丰富的湿地资源是当地生态安全维护和生态文明建设的重要基础,但由于苏州处于高强度开发建设圈内,城镇化的快速发展,致使苏州湿地水质面临前所未有的威胁和挑战。因此开展苏州湿地水质实时监测和研究,能够更好地把握水质变化趋势及原因,为苏州湿地水污染防治和湿地资源保护打下基础。水体透明度在水生态学上具有非常重要的意义,作为水质监测、评价以及水生态恢复的重要参数,一方面能够直观地判断水质优劣,另一方面也能反映水体健康。据研究表明,水体透明度发生变化是多变量综合作用的过程,与悬浮物、叶绿素a、总有机碳、总磷和总氮等水质指标密切相关。结构方程模型是一个具有优良性质的多变量分析方法,擅长处理错综复杂的影响关系,能够通过对整体模型进行拟合和判断,从而找出各因子相互作用的过程。因此,采用结构方程模型模拟水环境系统中复杂的因子关系,能更全面地了解苏州湿地水质发生变化的过程,并针对关键因子提出管理与恢复措施。 本文基于苏州湿地2015～2020年的水质监测数据,首先构建水体透明度评价法与国内常见水质评价法对苏州湿地水质进行评价,并对各评价",False,否
基于i-Tree模型的城市绿道生态服务效益的研究,周贝宁,"0
source        硕士
source    南京林业大学
Name: 34, dtype: str",,"城市绿道是改善城市生态环境和建设“美丽中国”的重要载体。为了更加直观的量化绿道的生态服务效益价值量,初步探究城市绿地、植物个体与生态服务功能间的相互联系,为未来绿道树种筛选和种植规划提供参考。本研究以宁波市七条城镇型绿道树种作为研究对象,对树木群落的结构特征和生物多样性特征进行分析,运用i-Tree模型将生态效益值量化为经济价值。结果表明: （1）宁波七条城镇型绿道中共39752株乔木,隶属于42科、68属、96种。集中于蔷薇科、木兰科、槭树科、木樨科和杉科（48.10%）,属在组成上具有极高的分散性;乡土树种与外来栽培树种比率为4.3。绿道树木处于稳定生长阶段,树种胸径以7.6-30.5 cm处于中等径阶的树木为主（87.40%）,高度以5-10 m的树木为主（42.80%）。树木生长类型多为阔叶落叶型乔木,季相变化丰富且景观效果较强。树木总体健康状况水平较好,RPI>1的树种占67.71%。樟树的生态效益重要价值IV最大为19.74%,39752株树木的替换值RV为4亿8901万216元,其中樟树费用占27.74%。 （2）宁波七条城镇型绿道的树种群落Simpson指数是0.950",False,否
不同环境介质条件对微塑料在泥水两相间迁移的研究,吴香香,"0
source        硕士
source    苏州科技大学
Name: 35, dtype: str",,"聚苯乙烯微塑料颗粒作为微塑料(d<5mm)的典型代表,广泛应用于人们生活的方方面面。微塑料在自然环境中经过各种物理化学作用被老化,表面物理化学性质改变,其在水环境中的迁移规律也被改变。然而,人们更多的是关注于微塑料在水环境中的输送和迁移,而对其在水体和底泥间的迁移规律并未给予足够关注。本研究采用室内模拟紫外光的照射,加速聚苯乙烯微塑料的老化进程,系统的研究了新制聚苯乙烯微塑料和老化微塑料在泥水两相间的迁移规律。利用FTIR、SEM-EDS、Zeta电位等表征手段分析老化前后的聚苯乙烯微塑料的变化。利用微塑料的热胀冷缩性能,采用尼罗红染料,对微塑料进行标记,快速便捷的对泥水两相间聚苯乙烯微塑料定量定性分析。扰动试验1探求了不同条件下(扰动强度、pH、HA、悬浮物浓度、有机物),悬浮颗粒物-水-微塑料体系中微塑料的迁移效率;根据扰动试验1,设计扰动试验2,模拟不同沉积物悬浮状态下,聚苯乙烯微塑料在上覆水和底泥中垂直迁移规律。利用Pelect常数、DLVO理论、沉速理论理论分析聚苯乙烯微塑料在水体中的迁移。本研究结果如下:(1)迁移效率结果表明,微塑料迁移效率随着扰动强度增加而增加,且老化的",False,否
表观污染城市水体中悬浮物有机特性及来源研究,司壮壮,"0
source        硕士
source    苏州科技大学
Name: 36, dtype: str",,"目前,大部分城市水体的功能已转变为景观功能。伴随着中国经济增长的提速,大量人口进入城市工作生活,城市人口迅速增多。城市居民水资源保护意识的薄弱加上城市水体自身的脆弱性,城市水体由于受到外界污染物的影响而引起表观质量不佳的表观污染现象愈发严重,城市水体的景观功能也受到了严重破坏,城市水体的保护已迫在眉睫。基于本课题组人员前期研究表明悬浮物是造成水体表观污染的最主要原因,分别从悬浮物粒径分布角度,以及流速作用于水体中悬浮物角度,去阐释其对表观污染的影响,不同类型水体中悬浮物组分的变化,可能导致水体表观呈现不同的表观性状,而这部分容易产生变化组分主要为有机组分。悬浮颗粒物是一种非常复杂的有机无机复合体,因此探究其悬浮物表面的有机特性及其来源研究具有一定意义。本研究基于流式细胞仪分析法对不同类型水体中悬浮物有机特性进行研究,根据前人对水体类型分类标准,对水体进行分类,以苏州市城市景观水体为研究对象,通过扫描电镜分析悬浮物组成的物质形态,并通过悬浮物质量浓度的测定,对悬浮物进行定量,最后结合流式细胞仪所得的FITC有机质含量,异养细菌含量、浮游植物含量,探究不同类型水体中悬浮物的有机特性,选取典",False,否
表观污染地表水中溶解性有机物（DOM）的分布特征及来源研究,何杰,"0
source        硕士
source    苏州科技大学
Name: 37, dtype: str",,"为了揭示苏州景观河道中溶解性有机物(DOM)的分布特征和来源,弄清景观河道中DOM与水体表观污染的关系。本研究以苏州姑苏区的23条景观河道为对象,从2019年7月至2020年12月,每月采集一次样品。使用三维荧光光谱、紫外可见吸收光谱、高效液相色谱和常规的水质指标,分析了景观河道中DOM的特性和来源情况,得出如下结果:(1)苏州古城区内景观河道水体总体上表现为氮、磷营养盐污染。水体中的DOM解析出4种荧光组分,分别为自源类色氨酸C1(235,290/349 nm),陆源类腐殖质C2(250,315/403 nm),类色氨酸和酪氨酸的混合物C3(230,275/319 nm)和UVA类腐殖质C4(240,350/459 nm)。相关性分析表明各个组分之间具有同源性,荧光组分与氮类营养盐和叶绿素a(Chl a)存在显著相关性,DOM与氮营养盐迁移转化、藻类活动有关。景观河道DOM中类蛋白类物质含量最多,类蛋白类物质的总荧光强度比例为66.36%～76.84%,类腐殖质荧光强度比例为23.15%～34.74%。在4种污染类型水体中,组分C1和C4含量没有明显差距,组分C2和C3含量差距较大,",False,否
城区绿色空间格局与PM<sub>2.5</sub>浓度相关性研究,裴子懿,"0
source        硕士
source    华中科技大学
Name: 38, dtype: str",,"城市的扩张和人口的增加导致能源消耗、污染物排放等问题。自2013年空气质量监测标准更新以来,空气中的细颗粒物PM<sub>2.5</sub>一直是我国空气污染中的首要污染物。许多研究表明,城市绿地对PM<sub>2.5</sub>具有消减作用。根据空气质量监测点布点情况、城市规模、气候特征及植被类型,筛选苏州、杭州、合肥、芜湖、南昌、九江、武汉、长沙、岳阳九个城市作为研究对象。以长江中下游九个城市为例,创新性使用形态学空间格局分析（Morphological Spatial Pattern Analysis,MSPA）对不同城市绿色空间格局要素进行对比分析。对不同城市绿色空间格局要素与其PM<sub>2.5</sub>浓度的进行量化分析,得出消减PM<sub>2.5</sub>浓度的城市绿色空间格局优化策略。本研究主要成果如下:（1）根据各城市中对照点与城市站点PM<sub>2.5</sub>浓度,得到各城市PM<sub>2.5</sub>分布的时空特征,在时间上,PM<sub>2.5</sub>浓度呈现“U”形模式,1月至6月呈下降趋势,7至8月为最低值,9月至12呈上升趋势。（2）",False,否
大气污染与脑卒中的关联研究,吴梦吟,"0
source      博士
source    浙江大学
Name: 39, dtype: str",,"研究背景及目的大气污染是非传染性疾病的重要危险因素,目前已经成为全球范围内重要的公共卫生问题。大气污染每年会导致全球700万人过早死亡,既往研究也表明,大气污染对人群总死亡率、呼吸系统疾病和心脑血管系统疾病等均有显著的健康危害效应。相较于发达国家和暴露水平更低的地区,大气污染在我国造成了更严重的疾病负担。但我国幅员辽阔,各地区大气污染的特征及暴露水平均有较大差异,大气污染的健康危害效应在我国的证据尚不充分,与不同疾病的关联也亟待更多研究证实。脑卒中是一类由于流向大脑的血液不足或脑组织血液循环出现障碍而引起局部神经功能缺失的疾病。它发病急骤,预后情况通常较差,已经成为我国造成伤残寿命调整年损失最高的疾病。从公共卫生的角度而言,大气污染是脑卒中常见和可改变的危险因素之一。有研究指出,相比高血压,大气污染可能是中低收入国家中与脑卒中风险关联更密切的危险因素。但目前我国大气污染与脑卒中风险的关联研究较少,既往大多数研究仅关注了大气颗粒物（Particulate matter,PM）的健康危害效应;对大气污染暴露水平的估计也局限于人群水平;同时,在研究大气污染与脑卒中风险的关联时,生活方式（肥胖",False,否
城市公共交通新能源化对机动车保有量影响研究,刘政阳,"0
source      博士
source    辽宁大学
Name: 40, dtype: str",,"随着城市经济发展伴随着城市化进程的加快,城市区域范围内的机动车发展规模持续扩大,以北京市为例,机动车保有量从470万辆增长到570万辆只用了六年的时间,同时上海市、南京市、武汉市、深圳市、重庆市等诸多中国大城市的机动车保有量增加的速度非常快。大城市机动车保有量不断增加带来的主要影响是城市空气质量的不断恶化,而且城市大气污染正从煤烟型污染向煤烟—汽车尾气复合型污染转化。机动车尾气复合型污染对城市居民身体健康的威胁比传统煤烟型污染更大,机动车尾气污染物主要包括一氧化碳CO,氮氧化物NOx,非甲烷碳氢化合物THC、其它有害物质(如铅、氟氯化烃排放物的二次衍生物——光化学烟雾等)以及可吸入颗粒污染物等。每辆汽车犹如一个流动的毒气制造厂,极易引发疲乏、窒息并能引起哮喘病、心脏病和呼吸道疾病等,严重影响居民的身体健康。随着我国空气质量标准的出台,城市空气质量二级标准给大气污染控制设定了目标。本研究在空气质量二级标准的限制下计算城市大气环境容量,而大气环境容量是衡量大气环境承载力的重要指标。通过大气环境容量建立起机动车发展规模与大气环境承载之间的联系。本研究在城市大气承载力的限制下测算出了城市机动车",False,否
大气HO<sub>2</sub>自由基探测技术及外场应用研究,王怡慧,"0
source          博士
source    中国科学技术大学
Name: 41, dtype: str",,"随着我国科技的进步、社会发展和城市化进程的加快,农业领域化肥及农药的使用、工业废水废气的排放以及人类生活等众多因素导致NOx和 VOCs等大气污染前体物的浓度升高,其中以PM2.5和O3为特征的大气复合污染日益严重,这其中一个关键的因素就是大气氧化性增强。在整个大气化学反应的过程中,OH自由基是大气中最重要的氧化剂,除了 HONO、O3光解产生的一次来源,HO2自由基是OH关键的二次来源。HO2自由基在对流层的光化学反应中起着催化作用,是一次污染物去除和二次污染物生成的重要媒介,众多二次污染物的形成与其密切相关。HO2自由基的源和汇直接影响大气O3的生成。因此,准确测量大气中HO2自由基对研究二次污染成因有着重要作用。本文主要开展的工作和结论总结如下:1)基于气体扩张激光诱导荧光技术开展HO2自由基的测量研究,设计并搭建了一套HO2自由基的测量系统,对系统的重要组成部分和性能进行探讨。针对激光系统波长发生温度漂移的问题,设计和搭建了利用高温热解水汽产生高浓度OH自由基的小型化参比池,通过反馈将激光波长锁定在OH自由基荧光激发最大值的位置。小型化参比池中荧光信号抖动小于2%,可以准确反映",False,否
无锡地区住院儿童呼吸道感染病原流行特征分析以及与空气污染物的相关性研究,董自娟,"0
source      硕士
source    苏州大学
Name: 42, dtype: str",,"第一部分 无锡地区住院儿童呼吸道感染病原流行特征分析目的:了解无锡地区住院儿童呼吸道感染病原流行特征。方法:收集2013-2017年无锡市儿童医院呼吸科住院的急性呼吸道感染(Acute Respiratory tract Infection,ARI)患儿7954例,收集其临床资料,包括血清病原体抗体检测、痰细菌培养结果,按照年龄、性别、年度、季节及疾病进行分组,采用χ2检验进行比较,分析各病原体的流行病学特征。结果:(1)2013-2017年共收集7954例急性呼吸道感染患儿的血清及痰标本,共检出病原体4437例,总阳性检出率55.78%,其中血清抗体阳性3355例,阳性检出率42.18%,痰培养细菌检出1082例,阳性检出率13.60%。其中混合感染233例,两种病原体混合感染218例。病原体在五年间以2014年检出率最高,为61.23%。5年间无锡地区病原体的平均总检出率前三位依次为:肺炎支原体(Mycoplasma pneumophila,MP)36.37%、肺炎链球菌(streptococcus pneumoniae,SP)4.51%、金黄色葡萄球菌(staphylococcu",False,否
基于响应曲面模型的大气污染控制措施快速评估技术研究,赵秋月,"0
source      博士
source    南京大学
Name: 43, dtype: str",,"当前我国大气污染已经从局地、单一的城市空气污染向区域性、复合型大气污染转变,对城市环境空气质量、大气能见度、公众健康等造成巨大影响,引起媒体及公众的普遍关注。随着“蓝天保卫战”、“十四五大气污染防治规划”、“空气质量达标规划”等一系列综合性大气污染防治政策措施的制定,关注的重点围绕这些政策措施是否能实现空气质量改善的预期而开展,这也主要依赖于空气质量模型在建立合适的源排放-空气质量响应关系的基础上进行研究。但现有模型普遍存在运算周期长、拟合速度慢、排放清单模拟性能不高等问题,难以为管理者提供快速的决策响应支持;另一方面,如何避免“一刀切”,通过模型的改进建立起一套适用于多区域、差异化管控措施快速评估的技术方法,使政策措施的制定能够尽可能体现公平和效率原则,也是本研究要解决的问题。针对大气环境管理决策开发快速响应支持技术具有重要的现实意义。本研究利用统计学方法,开发了基于多项式函数回归方法（pf-ERSM）的响应曲面模型,建立了污染物减排与PM<sub>2.5</sub>浓度的快速响应关系,基于该方法对江苏省不同减排措施下的空气质量改善效果进行了评估应用,探讨了使用响应曲面模型拟合臭氧浓",False,否
Full Model研究苏州市空气污染和儿童肺部感染病原体的关系,张晓燕,"0
source      硕士
source    苏州大学
Name: 44, dtype: str",,"目的:1.分析苏州市空气污染的特点及儿童社区获得性肺炎(community acquired pneumonia,CAP)病原学的流行特点,以及空气污染物与病原体在CAP致病过程中的相关性。2.建立统计模型研究苏州市空气污染物浓度对不同年龄组儿童社区获得性肺炎病原体致病的即时及滞后影响。方法:1.收集2014-2016年在苏州大学附属儿童医院住院的社区获得性肺炎患儿的临床资料,包括患儿住院号、性别、年龄、发病时间、病原学检测结果及其它辅助检查资料。同期记录苏州市空气质量情况,空气质量资料全部由苏州市环保局提供。2.采用病例交叉设计首先对社区获得性肺炎住院患儿临床资料和空气污染物暴露数据进行基本的统计描述,然后对社区获得性肺炎病原学检出率与空气污染物浓度进行关联性分析。3.按年龄分组,通过Full Model模型分析2014-2016年苏州市空气污染物PM2.5,PM10,NO2,SO2,CO,O3浓度与儿童社区获得性肺炎病原体的关系及滞后效应,进一步分析易感年龄段儿童。结果:1.苏州市2014-2016年空气污染物PM2.5、PM10、NO2的平均浓度值均超过标准平均二级浓度限值,20",False,否
苏州地区儿童肺炎支原体感染流行病学特征及与气候因素和环境因素的相关性分析,孙健,"0
source      硕士
source    苏州大学
Name: 45, dtype: str",,"目的:研究2013-2018年苏州地区住院儿童肺炎支原体(Mycoplasma pneumonia,MP)感染的流行特征。探讨气候因素、环境因素与儿童MP感染的相关性,建立预警模型防控MP感染。方法:对2013-2018年苏州因呼吸道感染住院儿童采用聚合酶链反应(Polymerase chain reaction,PCR)方法检测鼻咽抽吸物MP-DNA、人类博卡病毒(Human boca virus,hBoV),定量ELISA检测血清MP-IgG,半定量ELISA检测血清MP-IgM,直接免疫荧光法检测痰液中呼吸道合胞病毒(Respiratory syncytial virus,RSV)、流感病毒A、B型(Infuenza virus type A、B,ⅣA、ⅣB)、副流感病毒Ⅰ、Ⅱ、Ⅲ型(Parainfluenza virus type Ⅰ/Ⅱ/Ⅲ Pinf Ⅰ/Ⅱ/Ⅲ)和腺病毒(Adenovirus,ADV),Real Time-PCR 方法检测人类偏肺病毒(Human meta-pneumoniae virus,hMPV)、鼻病毒(Human rhinovirus,hRV),痰培",False,否
典型旅游城市机动车排放清单研究,江成斌,"0
source        硕士
source    上海交通大学
Name: 46, dtype: str",,"机动车尾气排放污染已逐步成为大气污染的主要来源之一。为了研究典型旅游城市的机动车排放清单,及其与区域空气质量的关系,本文选取桂林、杭州、厦门、绍兴四座典型旅游城市,武汉为对照城市,采用年均行驶里程法并参考《道路机动车大气污染物排放清单编制技术指南》方法,开展典型旅游城市机动车排放清单研究。本文研究并展开机动车排放因子、机动车保有量及年均行驶里程、道路车流量和道路总里程等各类活动水平数据及其获得方法。除此之外,本文重点将桂林市作为研究对象,针对桂林市辖区的机动车排放量,分别采用机动车行驶里程法和源强法研究获得桂林市辖区的机动车排放清单。在桂林市源强法活动水平获取方面,选择了桂林市辖区9条典型城市快速路、74条主干道和74条次干道共计157条道路,按照分时分段的原则,采取人工计数法对行驶各类车型的车流量进行了统计记录;同时还实地从当地车辆管理所、气象局、环境监测站等相关部门,获取到了机动车排放标准组成、气象条件数据等相关数据;在此基础上对市区总计157条道路的污染物排放量进行了核算,得到桂林市辖区机动车年排放量依次为:CO为2586.06吨、VOCs为961.38吨、NO<sub>x</s",False,否
河道水感官品质分析与提升技术研究,昂安坤,"0
source        硕士
source    上海交通大学
Name: 47, dtype: str",,"城镇河道水是城市综合实力的重要体现,与人民生活品质密切相关。但是城市河道水在解决黑臭问题后,水体感官品质依然不高,与人民的期望有较大差距。河道水感官品质的影响因素和如何用低碳理念“又好又省”地提升感官品质成为城市当下所面临的问题。本文以苏州姑苏区的外城河水为例,对外城河主要干支流布设了7个采样点,通过春夏秋冬四个季节12次采样样品进行时空分析,考察了河道水感官品质的主要影响因素。在此基础上,通过模拟实验和现场实验结合的方法,验证纳米四氧化三铁强化混凝-滤布滤池工艺对河道水感官品质的提升效果,并考察组合工艺对影响河水感官品质的物质去除效果,得到的研究结果如下:(1)苏州河道水感官品质整体呈现春冬好,夏秋差的趋势,夏秋水质差的主要原因是夏季和秋季环境因素和氮磷比非常适宜,导致浮游植物种群数量的急剧增加,进而使得河水中叶绿素a的含量明显提升。姑苏区城区的河道水受到上游水源地(太湖、阳澄湖等)的影响较大,因此7个采样点中上游采样点水质较下游更差。除此之外,靠近居民区的采样点水质相对较差,而靠近公园、湿地和景区的采样点水质更好。(2)姑苏区河道水中藻类主要有硅藻、蓝藻、绿藻,在春冬季节以及初夏,",False,否
城市经济活动与PM2.5间的动态关系研究,曹翠红,"0
source        硕士
source    桂林理工大学
Name: 48, dtype: str",,"近些年,PM2.5已成为社会关注的热点。过高的PM2.5浓度不仅影响居民身体健康,还会对未来环境治理等各个方面造成巨大的经济损失和负担。在可持续发展的战略要求下,如何实现环境保护和经济协调发展是目前一个重点和难点工作。因此,利用统计方法深入研究经济活动与PM2.5浓度间的动态关系,对今后降低PM2.5浓度,推动城市可持续发展,具有重要的现实意义。鉴于此,本文从PM2.5高污染地区选取北京、苏州和珠海三个典型样本城市,就2014年1月—2019年10月实时监测月度数据,利用长面板回归和CVAR-SV模型分析城市经济活动与PM2.5间的联动关系:首先,利用长面板方法进行建模,从修正参数估计结果发现,三个典型城市的房屋施工面积对PM2.5浓度的正向影响最大。同时,还发现模型的时间效应不显著,说明城市活动对PM2.5的影响在该阶段并未随时间变化而动态变化。但是具有显著的地区效应,有必要对各城市进行具体分析。然后,根据贝叶斯模型比较准则,从众多形式的VAR模型中,选出CVAR-SV模型进行实证分析。并利用脉冲响应函数分析各城市经济活动与PM2.5浓度的联动关系,结果发现:就北京市来看,PM2.5",False,否
混凝沉淀-超滤工艺改善河道水感官品质及作用机理研究,袁文璟,"0
source        硕士
source    上海交通大学
Name: 49, dtype: str",,"城市河道水是城市的环境载体与重要资源,苏州市从2011年开始通过系列行动使苏州城区河道水质得到有效改善,目前,苏州城区河道水氮磷指标基本可以达到地表水Ⅳ类水标准,但河道水水体感官品质（如浊度、色度）仍与民众的期望有较大差距,有待于进一步提升。超滤膜工艺是一种新型的水处理技术,已被证实能有效去除水中的污染物,但应用超滤膜工艺处理河道水的研究较少。考虑到苏州平江历史片区对高品质景观水的特定需求,本研究采用了混凝沉淀-超滤膜组合工艺对苏州市环城河水进行处理,后补充入平江历史片区河道,在一年多的试验阶段里,考察了工艺对河道水的感官品质提升效果与作用机理,探索了系统的工艺运行参数,研究了膜污染组成成分,确定了最佳化学清洗周期。研究成果可以为后续工程设计和运行提供技术参数,也可以为全国其他类似地区打造高品质河道水提供借鉴和参考。研究表明:（1）苏州河道水经过混凝沉淀-超滤组合工艺处理,其出水浊度、SS、叶绿素a、色度、TP均有明显下降,平均去除率为:浊度为95.37±1.21%;SS基本为100%;叶绿素a为87.62±4.8%;色度为92.44±1.42%;TP为70.27±6.64%,去除效果",True,是
滤筒纯化及消解方式对ICP-MS法测定空气颗粒物中金属元素的影响研究,高晨,"0
source        硕士
source    苏州科技大学
Name: 50, dtype: str",,"近年来,随着我国经济的快速发展,重金属污染事件频发,空气中的重金属污染问题已经成为社会广泛关注的焦点,国家政策“水十条”、“大气十条”陆续出台。因此,加强对空气中重金属污染测定是一个必然的发展趋势,具有十分重要的意义。目前,空气颗粒物中金属元素的测定方法繁多,在检测行业中主要依据国标HJ657-2013,它是选用空白滤筒采集空气颗粒中金属元素,采集回来再经过电热板消解处理后使用电感耦合等离子体质谱仪（ICP-MS）进行测定。本文拟通过从国内外金属元素的前处理方法及分析方法发展情况出发,具体阐述空白滤筒的选择以及纯化方法,并使用纯化后的空白滤筒采集颗粒物样品,探究滤筒不同的纯化及消解方式对ICP-MS法测定空气颗粒物中金属元素的影响研究,主要包括以下几个方面:（1）国标HJ657-2013明确规定采集空气颗粒物中金属元素必须使用滤筒。本文将市面上广泛在用的国产玻璃纤维滤筒,进口玻璃纤维滤筒,进口石英滤筒进行对比,从经济成本、空白滤筒中常见9种金属元素铬（Cr）、锰（Mn）、钴（Co）、铊（Tl）、锡（Sn）、锑（Sb）、铜（Cu）、镍（Ni）、铅（Pb）本底值含量对测定结果影响的角度出发",False,否
常州城郊春季大气PM<sub>2.5</sub>成分分析和来源解析,黄雯倩,"0
source        硕士
source    江苏理工学院
Name: 51, dtype: str",,"为探讨常州春季城郊区大气细颗粒物(PM<sub>2.5</sub>)的化学组成及污染特征,于2017年3月1日～5月30日采集了84个有效样品,对其中的水溶性离子（WSIIs）、碳质组分（OC和EC）、水溶性有机酸、水溶性有机碳（WSOC）、水溶性有机氮（WSON）及正构烷烃（n-alkanes）等组分进行了测定和分析,并采用黑炭-气溶胶质谱仪（SP-AMS）对水溶性有机气溶胶（WSOA）进行分析。利用正定矩阵因子分析法（PMF）针对PM<sub>2.5</sub>进行系统全面的来源解析,为了解常州地区大气污染及制定对策提供详实的数据支撑。主要结论如下:（1）采样期间PM<sub>2.5</sub>的日均质量浓度为（101.97±35.45）μg·m<sup>-3</sup>,未出现空气质量为优的天数,且空气质量为良的天数仅占总天数的26.2%。以轻度、中度和重度污染为主,分别占总天数的39.3%、21.4%和13.1%,超标率达73.8%,可见城郊区的空气污染较重。（2）WSIIs约占PM<sub>2.5</sub>总质量浓度的39.9%,其中二次离子(SO<sub>4</sub><",False,否
城市生物质废物处理系统耦合及技术选择模拟研究,费凡,"0
source      博士
source    清华大学
Name: 52, dtype: str",,"城市生物质废物是我国市政固体废物的主要组成部分,年产生量超过1.2亿吨且持续增长。我国城市生物质废物具有含水率高、易降解有机物含量高的特征,过去长期混入市政固废处理,是产生恶臭、高浓度渗滤液等问题的根本原因。同时,城市生物质废物中蕴含有机组分和营养元素,具有回收利用潜力,使得其处理系统需满足减量化、无害化、能源化和资源化的可持续管理要求。然而,城市生物质废物种类多,并涉及源头分类、收转运、资源化处理和残余物处置等多个环节,不同废物、环节和处理技术之间存在耦合机制,且受城市规模和经济水平等因素影响,迫切需要通过构建系统性解决方案以满足多个管理目标的需求。本文构建了城市生物质废物处理系统耦合机制模拟,实现对系统内部复杂的数值匹配和影响传导的动态定量模拟。基于物质流分析、生命周期评价和项目净现值评价等方法,实现对技术链条及技术系统的多目标评价。在此基础上,本文构建了城市生物质废物处理系统技术选择模型,纳入城市特性对技术选择的影响机制模拟,通过基于NSGA-Ⅲ的高维多目标优化算法实现多个管理目标下的系统技术路径及管理政策优化,并通过基于拉丁超立方采样和区域灵敏度分析的不确定性分析算法,识别系统",False,否
基于神经网络的室内PM2.5预测研究及应用,陈成,"0
source        硕士
source    苏州科技大学
Name: 53, dtype: str",,"近年来,随着我国工业化和城市化进程加快、国家对环境重视程度的逐渐提高和人们对宜居生活环境的美好期待,空气质量越来越成为每一个百姓关注的热点。PM2.5由于粒径小、活性强且附带有害物质,成为我国环境空气的重要污染物之一。现有的空气污染研究主要关注室外空气。但是,人们每天在室内环境中停留时间占一天的80%以上,年老、幼小及患有慢性病的人群在室内停留更久的时间。室内空气污染物不仅受到室外大气污染物的影响,还与室内环境本身相关,室内空气污染往往比室外污染对人体造成更持久的危害,所以某种程度上研究室内空气质量对健康更有意义。但同时,室内环境的特殊性也显著增加了空气质量的预测难度。本文针对室内PM2.5浓度预测准确度不高、对室内PM2.5浓度预测的相关特征研究不足等问题,探索室内PM2.5与其它空气污染物之间隐藏的非线性关系,采用深度神经网络方法,利用多示例技术解决采样间隔与预测时间的平衡问题,构建基于深度神经网络的室内PM2.5浓度预测模型。本文完成的主要工作如下。(1)根据空气污染物采集方法条例在室内外制作了监测传感器,获取室内外PM2.5等空气质量参数数据,接着对采集的数据进行分析与预处理。",False,否
外源输入对湖泊疏浚新生表层磷再生及迁移转化的影响,李鑫,"0
source        硕士
source    苏州科技大学
Name: 54, dtype: str",,"外源输入对底泥疏浚新生表层磷再生及迁移转化的影响尚不清楚,阐明该问题对于底泥疏浚实施后流域尺度上的外源控制及管理具有重要的意义。本研究以太湖梅梁湾沉积物为研究对象,采用野外原位模拟疏浚的方法研究在有无外源颗粒物输入条件下,疏浚前后新生泥水界面磷的迁移转化过程,并探讨疏浚对内源磷释放的控制效果。得出以下结论:（1）颗粒物的持续累积增加了表层沉积物含水率及孔隙度;疏浚降低了表层沉积物LOI、TP及TN含量,但颗粒物的持续累积导致表层沉积物LOI、TP及TN含量存在较大程度的升高,有外源组未疏浚与疏浚柱样TP含量是无外源组的1.5和1.6倍,TN含量则达到1.8和1.6倍,外源输入加重了沉积物污染状况,减弱了疏浚措施所带来的效果。（2）无外源疏浚组与未疏浚组沉积物-水界面氧含量达到了9.0mg·L<sup>-1</sup>和8.3mg·L<sup>-1</sup>,氧气渗透深度也高达8.8mm和6.8mm,显著高于有外源各组。疏浚与阻绝外源颗粒物输入均可在一定程度上改善沉积物的氧化还原状况。（3）疏浚与阻绝外源颗粒物输入对表层沉积物Mobile-P含量的控制均产生着积极的影响,减弱了其与间隙",False,否
基于系统动力学的森林生态系统服务价值影响机制与优化策略研究,王之峥,"0
source        硕士
source    苏州科技大学
Name: 55, dtype: str",,"森林生态系统所发挥的生态服务价值,是实现环境与发展相统一的关键,对改善和维护生态环境健康起着重要作用。为提高全民生态保护意识,明确森林系统的生态主体地位和森林经营管理方向,本研究对溧阳市森林生态系统服务价值进行评价与预测,以实现溧阳市森林生态系统的可持续发展。溧阳市是江苏省重要的森林资源宝库,市域内森林类型多样,但是随着生态城市的建设,对森林发展的森林生态系统服务价值的发挥造成了影响。因此,本研究以溧阳市森林为研究对象,针对阔叶林、针叶林、针阔混交林和竹林四种代表性森林类型,选取其1987年、1997年、2007年和2017年四期遥感影像并处理分析,分析其30年的森林生态系统服务价值动态变化,并从系统动力学角度对其变化的影响机制进行定性与定量分析,同时构建仿真模型,在此基础上,提出自然发展、森林保护和森林开发三种情景,利用系统动力学仿真法对各情景下森林生态系统服务价值发展趋势进行模拟预测,并结合森林发展优化目标及原则,提出优化策略。本研究主要结论如下:(1)在研究时段内,溧阳市森林生态系统服务价值呈现逐年递增的趋势,2017年较1987年增加53.28%;竹林在森林类型中面积最大,所产",False,否
城市空气污染物的时空相关性研究,葛难难,"0
source        硕士
source    广西师范大学
Name: 56, dtype: str",,"随着我国经济发展和城市化进程的快速推进,工业排放、生活废气、娱乐消费、城市人口、交通运输、能源消耗等产生的空气污染物不断增加,造成严重的空气污染问题。空气污染不仅破坏生态环境、损害人民群众的身心健康,而且对城市的投资环境、经济发展等许多方面带来负面影响。治理空气污染对于城市的可持续发展有着重大的意义,已成为被各国政府提到的国家战略发展的高度来对待,因而也成为相关企业、科研机构和学者们研究的热点。治理空气污染需要重点解决两方面的问题:一方面是确定污染物的来源,另一方面是制定消除或减少污染物的方案。因此,探索空气污染物的传播过程,研究污染物的成因和它们之间的关联性是空气污染物研究问题的关键。然而,城市空气污染物的传播是一个复杂的问题,受到天气条件、地理条件等因素的影响,导致研究城市空气污染源的问题难度加大。本文对空气污染物在城市之间的传播及其时空相关性展开研究。主要研究内容包括:(1)挖掘城市空气污染物数据之间的关联性,提出周边城市空气污染物与目标城市空气污染物有效关联的判别方法。具体地说,周边城市空气污染物与目标城市空气污染物是有效关联的,即相关的地理数据、气象数据和空气质量监测数据满足",False,否
基于CNNs-GRU深度学习的PM2.5预测研究与实现,冀林,"0
source        硕士
source    重庆邮电大学
Name: 57, dtype: str",,"长期以来,世界各地受空气质量问题困扰,尤其是PM2.5污染。而传统的统计模型预测PM2.5存在准确率低、预测时间步少等问题。针对以上问题,本文提出了一种基于数据驱动的深度学习模型CNNs-GRU。同时,设计了无锡市PM2.5预测软件,能精细化预测未来6小时的PM2.5浓度。论文的主要工作如下:1.分析现有统计模型预测PM2.5的国内外研究现状,归纳其存在的问题,并提出了一种基于数据驱动的PM2.5预测模型CNNs-GRU。该模型由CNNs结构、GRU网络和全连接网络三部分组成。其中,CNNs结构可以自动提取、融合多站点多模态空气质量数据的局部变化趋势和空间关联特征;GRU网络能捕获时间序列的长期依赖特征。前两部分结合,能自动提取空气质量数据的时空特征,提高PM2.5预测准确率。最后,全连接网络输出PM2.5的最终预测结果。2.设计了基于CNNs-GRU模型的无锡市PM2.5预测软件,其功能模块包括数据库设计、空气质量数据获取、数据预处理、预测模型实现和可视化界面设计。数据库设计需要根据软件的实际需求设计表结构,用于存储原始空气质量数据、预处理结果、预测结果等过程数据,是整个预测软件的数",False,否
Model Selection模型研究苏州市空气质量与儿童呼吸道感染病原体的关系,张丹丹,"0
source      硕士
source    苏州大学
Name: 58, dtype: str",,"目的:1.探讨苏州市空气质量的特点及与儿童呼吸道感染日住院人数的关系。2.建立统计模型研究苏州市空气污染物浓度对不同年龄组儿童呼吸道感染病原体的短期影响。方法:1.收集2014-2016年在苏州大学附属儿童医院住院的呼吸道感染患儿的临床资料。同期记录苏州市空气质量情况,空气质量资料全部由苏州市环保局提供。2.采用病例交叉设计首先对呼吸道感染住院患儿临床资料和空气污染物暴露数据进行基本的统计,然后对呼吸道感染日住院人数与空气污染物浓度进行关联性分析。按年龄分层,通过单污染物模型和Model Selection模型分析2014-2016年苏州市空气污染物PM10、PM2.5、SO2、NO2、O3、CO浓度与1月龄至15岁儿童呼吸道感染病原体的关系及滞后效应,并发现敏感年龄段儿童。结果:1.环境监测资料显示:苏州市2014-2016年PM2.5、PM10、NO2的年平均浓度值均超过GB3095-2012《环境空气质量标准》制定的年平均二级浓度限值,2014-2015年SO2浓度超过平均一级浓度限值。PM2.5、PM10、NO2、SO2、O3浓度呈现出明显的季节性,在寒冷时期,PM是主要污染物",False,否
苏州地区儿童喘息性疾病与气候因素和环境因素的相关性研究,张瑾,"0
source      硕士
source    苏州大学
Name: 59, dtype: str",,"目的:了解气候因素、环境因素对儿童喘息性疾病的影响,探讨儿童喘息性疾病与气候因素和环境因素的相关性。方法:收集2013-2017年间苏州市空气污染物(PM2.5、PM10、NO2、SO2、CO、03)的月平均浓度值、气候因素参数(月平均气温、月相对湿度、月总雨量、月总日照、月平均风速)以及2013-2017年连续5年间于苏州大学附属儿童医院呼吸科住院的喘息性疾病患儿的临床资料,包括鼻咽分泌物的多病原检测结果。气候因素和环境因素的资料来自当地气象局和环境监测中心。采用两两相关和多元回归的分析方法,分析了儿童喘息性疾病与气候因素和环境因素的相关性。结果:2013-2017年五年间苏州大学附属儿童医院呼吸科住院的喘息性疾病(毛细支气管炎、喘息性支气管炎、支气管哮喘急性发作、肺炎伴喘息)患儿共3255例,其中男2286例(70.23%),女969例(29.77%),男女之比2.36:1,年龄在1个月至14岁5月之间,平均年龄2.17±1.85岁。儿童喘息性疾病多见于0-12个月患儿,共1897例,占58.28%。在季节分布上,儿童喘息性疾病发作高峰主要在冬季(1024/3255,31.46%)",False,否
苏州地区不同亚型呼吸道合胞病毒（A型、B型）下呼吸道感染的临床流行病学及与气候环境因素相关研究,支婉莹,"0
source      硕士
source    苏州大学
Name: 60, dtype: str",,"目的:研究苏州地区住院患儿呼吸道合胞病毒(respiratory syncytial virus,RSV)不同亚型(A型、B型)下呼吸道感染的临床流行病学及与气候环境因素的相关性。方法:(1)收集2016年01月至2018年12月于苏州大学附属儿童医院住院治疗的急性下呼吸道感染(Acute lower respiratory tract infection,ALRTI)患儿鼻咽分泌物,采用直接免疫荧光法检测RSV抗原;(2)膜抽提法提取RSV-RNA后逆转录生成cDNA模板,采用实时荧光定量PCR方法检测RSV分型;(3)收集RSV感染阳性患儿的临床资料,并与气候环境因素进行相关研究;(4)采用SPSS 22.0系统进行统计学分析。结果:(1)纳入2016年-2018年RSV感染患儿共1157例,RSV-A亚型占60.41%例(699/1157)、RSV-B亚型占39.59%(458/1157),三年整体以RSV-A亚型为主。其中 2016 年以 RSV-B 为优势株(RSV-B 58.06%,RSV-A41.94%,X2=12.834,P=0.01),2017 年两亚型分布无统计学差",False,否
2016-2017年苏州市大气污染物对心脑血管疾病发病、死亡的影响,陈鑫,"0
source      硕士
source    苏州大学
Name: 61, dtype: str",,"目的:大气污染对居民健康存在着多种不利的影响,是全球疾病负担的主要因素之一,而心脑血管疾病是导致全球死亡的主要疾病之一。本研究通过分析苏州市大气污染物浓度与居民心脑血管疾病死亡以及发病的关系,以评估大气污染物对心脑血管疾病影响的滞后效应、季节性以及年龄和性别差异,为进一步采取针对性的防治措施提供科学依据。方法:收集2016年1月1日-2017年12月31日苏州市居民心脑血管疾病每日死亡人数及每日发病人数、大气污染物日均浓度资料(PM2.5、PM10、NO2、SO2、CO、O3)以及日均气象资料(温度,相对湿度,气压以及风速),采用广义相加泊松回归模型以及分布滞后非线性模型来分析苏州市大气污染与心脑血管疾病之间的健康效应,计算大气污染物浓度每上升一个四分位间距(IQR)的相对危险度(RR值)及其95%可信区间(95%CI)。我们将全年分为四个季节,分别为春季(当年2月至4月)、夏季(当年5月至7月)、秋季(当年8月至10月)以及冬季(当年11月至次年1月)。本研究采用R 3.5.1软件对数据进行统计分析。结果:1.2016-2017年因心脑血管疾病死亡的总人数为30200人,心脑血管疾病",False,否
镇江地区主要大气污染物时空分布及气象影响因子相关性研究,王超,"0
source      硕士
source    江苏大学
Name: 62, dtype: str",,"大气环境对人们的生产和生活有着深刻的影响,目前国内大气污染物研究区域大多分布在华北和珠三角地区,针对长三角地区的研究较少,尤其苏南重要城市镇江缺乏真实有效的大气污染物数据,大气污染治理缺乏一定的针对性。为了了解镇江地区主要大气污染物的变化规律和污染物来源,并且进一步研究重污染天气的形成机制,为大气污染防治和雾霾治理提供基础数据依据和理论支撑。本文利用2017年镇江空气质量自动监测站的大气污染物浓度数据及气象数据,分析了镇江市各污染物时空变化特征及其与气象条件之间的关系。研究结果表明:（1）镇江市O<sub>3</sub>全年日变化呈现为双峰型,6月和8月为两个峰值,12月最低;PM<sub>2.5</sub>、PM<sub>10</sub>、NO<sub>2</sub>、CO和SO<sub>2</sub>均呈现为冬季和秋季偏高,夏季偏低;当日变化中O<sub>3</sub>和SO<sub>2</sub>为单峰型,峰值分别位于午后13点和上午10点,其余为双峰型,峰值均位于早晚高峰期间。浓度的周变化中,O<sub>3</sub>呈现最高值出现在周二,其他污染的峰值均为周五、周六和周日;镇",False,否
绍兴城市大气污染成因及防治对策研究,周俊,"0
source        硕士
source    南京农业大学
Name: 63, dtype: str",,"在“十二五”期间,灰霾污染剧烈爆发,对全国许多城市都造成了影响,绍兴也经受到灰霾困扰。为此中央对各地下来军令状,在2017年必须对本地环境空气进行改善。2013年末国务院召开会议,确定了未来四年治理大气污染的行动纲领,即《大气污染防治行动计划》。根据国家、省要求,需要将空气质量分阶段逐渐改善到达到空气质量二级标准,2017年绍兴的首要污染物细颗粒物浓度要在2013年基础上至少下降26%。为达到治理空气质量的近期目标,通过研究绍兴城市大气污染成因,探讨防治对策,以达到明显改善绍兴城市大气环境质量的目的。全文主要分为五块,第一章为总论,包含该文选题的来源、选题原因、国内外的钻研现状、主要的研究对象和采用的方法。第二章为绍兴城市大气污染现状分析,绍兴市与典型城市大气污染与经济发展比较。第三章为绍兴城市大气污染源分析,主要对大气污染源类别进行详细分析。第四章为绍兴城市大气污染成因分析,通过地形、气象、工业布局、产业结构、能源消耗等分析对大气质量的影响。第五章为绍兴城市大气污染防治对策,提出具体的适合绍兴城市大气污染改善的具体措施。第六章是总结全文,得出细颗粒物是当前绍兴城市首要大气污染。臭氧污",False,否
常州大气细颗粒物污染的区域特征及来源解析,李清,"0
source        硕士
source    江苏理工学院
Name: 64, dtype: str",,"为了解常州大气颗粒物污染的区域特征及来源特点,2016年10月<sup>1</sup>2月（秋冬季）在常州市城区和工业区采集了139个细颗粒物(PM<sub>2.5</sub>)样品。全面分析了碳质组分(元素碳（EC）、有机碳（OC）和水溶性有机碳（WSOC）)、水溶性离子（WSIIs）、无机元素、水溶性有机氮（WSON）、类腐殖质（HULIS）、多环芳香烃（PAHs）和有机酸的浓度,探讨了各化学组分的浓度水平及其来源。利用正定矩阵因子分解（PMF）模型对两区域PM<sub>2.5</sub>的来源进行解析。为揭示PM<sub>2.5</sub>污染的区域差异,对比了两个采样点大气中PM<sub>2.5</sub>的化学特性。主要的结论如下:1.城区空气质量以良和轻度污染为主,分别占总天数的37%和29%,重度污染天数占5%。工业区空气质量以轻度、中度和重度污染为主,分别占总天数的30%、30%和20%,优天数仅占3%。城区和工业区PM<sub>2.5</sub>的日均质量浓度分别为（78.26±43.39）和（112.92±64.45）μg·m<sup>?3</sup>,与国家环境空",False,否
常州城区细颗粒物化学组分昼夜变化特征及来源分析,顾远,"0
source        硕士
source    江苏理工学院
Name: 65, dtype: str",,"本研究选择常州城区作为研究点,于夏季、冬季分昼夜开展大气细颗粒物(PM<sub>2.5</sub>)监测,获取了PM<sub>2.5</sub>质量浓度及化学组分（无机离子、元素、碳质组分）的昼夜浓度水平,探讨了PM<sub>2.5</sub>的昼夜和季节差异。着重分析了PM<sub>2.5</sub>中吸光物质—类腐殖碳（HULIS-C）的浓度特征和光学变化特性。通过主成分分析法（PCA）判断和对比了冬、夏不同污染源的贡献率,为理解常州乃至长三角地区大气颗粒物污染基本情况、影响因素及有效控制对策提供基础数据。获得以下主要结论:（1）常州城区冬季PM<sub>2.5</sub>的日平均质量浓度为122.60±63.09μg·m<sup>-3</sup>（昼）和111.72±65.86μg·m<sup>-3</sup>（夜）,日平均值均高于国家二级标准浓度限值(75μg·m<sup>-3</sup>);夏季PM<sub>2.5</sub>的日平均质量浓度为78.83±18.03μg·m<sup>-3</sup>和70.39±25.68μg·m<sup>-3</sup>,与国家二级标准相近",False,否
微生物及活性酶诱导碳酸钙沉淀新型抑尘剂实验研究,蒋耀东,"0
source      硕士
source    东南大学
Name: 66, dtype: str",,"粉尘污染日益严重,其危害是多方面的,不仅会破坏生态环境,还会影响人体健康,逐渐得到了人们的重视。化学扬尘抑制剂被认为是解决扬尘污染的最佳方法,主要通过固结、润湿和凝并作用达到抑尘效果,然而化学抑尘剂也给环境带来一些不利影响,比如出现二次扬尘、难降解成分造成的二次污染、腐蚀现象、危害植物和土壤等。目前,对无毒无害的高效抑尘剂研究甚少,因此生态环保抑尘剂的研制与其性能评估成为当前的首要任务,对大气环境的保护具有重要的实际意义和应用价值。以江苏省南京市、苏州市和南通市的道路扬尘为研究对象,分析了各个市区不同性质地段的道路扬尘灼烧减量和元素分布。结果表明,苏州市道路扬尘中的扬尘灼烧减量最高,说明扬尘组分中的有机物及易挥发性物质较多。南京、苏州和南通市道路扬尘主要来自土壤风沙尘;其次是建筑扬尘,对南京市和南通市影响较大,对苏州市扬尘组分的影响较小;相比苏州和南通市,南京市受煤烟尘的影响最大。在具有无毒、易降解、粘结性能优良、生态相容性好等特点的微生物诱导碳酸盐沉淀技术基础上,研制出了绿色环保的微生物抑尘剂和脲酶抑尘剂,考察了其适用环境和最佳成分配比。结果表明,二者都适合在高温、偏中性的环境条件下",False,否
长三角典型地区冬季气溶胶来源解析及粒径分布特征,施双双,"0
source          硕士
source    南京信息工程大学
Name: 67, dtype: str",,"本研究于2015年1月在长三角典型地区3个站点(南京、苏州和临安大气本底站)使用宽范围粒径谱仪(WPS)、KC-120H智能中流量采样器、污染气体监测系统(EMS)、离子色谱仪(万通850 professional IC)和热/光碳分析仪(DRI2001A)对气溶胶数浓度、PM2.5质量浓度、污染气体、水溶性离子、OC和EC质量浓度等气溶胶物理化学特征和相关污染物开展了外场观测实验,分析了冬季南京、苏州和临安大气本底站气溶胶的来源,并重点研究了临安大气本底站主导排放源颗粒物的粒径分布特征,以观测期间一次大风和静稳污染为例,探讨了不同污染天气溶胶的粒径谱和化学成分变化特征。结果表明,长三角3个站点冬季PM2.5浓度及化学组分变化趋势一致,PM2.5来源相似,为二次生成源、燃煤、机动车排放、扬尘和生物质燃烧,苏州存在海盐气溶胶影响,各源贡献占比略有差异;二次生成源对3个站点气溶胶贡献最大,其次为机动车排放和燃煤。各污染源主导下气溶胶数浓度谱分布差异较大,二次生成、机动车排放、扬尘和生物质燃烧气溶胶数浓度谱为单峰型分布,燃煤颗粒物数浓度谱为双峰型分布,各主导排放源气溶胶表面积浓度谱均呈三峰型",False,否
长三角典型站点冬季碳质气溶胶的污染特征和垂直分布,康晖,"0
source          硕士
source    南京信息工程大学
Name: 68, dtype: str",,"长三角地区是我国“三区十群”大气污染重点防治区域之一,大气气溶胶的污染十分严重。碳质气溶胶作为长三角地区颗粒物的重要组分,与当地人为活动、受外界传输影响密切相关,并且其对长三角地区的气候条件、大气环境和人体健康均有重要的影响,故对长三角地区碳质气溶胶污染特征的研究十分必要。本论文基于2015年冬季临安、南京和苏州3个站点的PM2.5观测资料中有机碳、元素碳数据和2016年冬季南京、东山和寿县3个站点的黑碳垂直观测资料,结论:1.2015年冬季临安、苏州和南京冬季PM2.5的平均质量浓度为123.56、144.77和156.5μg·m-3 均超过我国2012年2月公布的《环境质量标准》(GB 3095-2012)二级日均标准(75μg·m-3),其中临安站点作为长三角地区背景点,污染也较为严重,说明冬季长三角地区的大气污染是区域性污染。其中3个站点OC与EC的平均质量浓度依次分别为(21.93±11.69)/(6±3.6)、(20.32±10.3)/(5.39±3.07)和(27.08±14.35)/(6.4±4.29)μg·m-3 是PM2.5的重要组成部分。后向轨迹模式显示发现当受到",False,否
长三角颗粒物组分的理化特征及其对大气消光的影响,蒋琳,"0
source          硕士
source    南京信息工程大学
Name: 69, dtype: str",,"统计数据显示,从1980到2010年长三角地区能见度持续降低。低能见度事件并不仅仅是城市美观问题,更是环境空气质量恶化、大气污染与光学性质的重要指标,它的直接诱因就来自大气中高浓度的颗粒物引发的一系列雾、霾等天气现象,对人们的生活造成了很大的影响。除气象要素外,能见度主要受与大气气溶胶组分和气态污染物对光线的吸收和散射作用的影响。因此,通过区域联合观测将大气气溶胶组分的理化特征与光学性质结合讨论对于了解长三角地区空气质量状况、评估大气气溶胶的气候效应具有重要意义。本研究利用2015年1月9-31日南京、苏州、临安大气本底站的常规气象资料以及颗粒物化学组分质量浓度数据探讨了冬季长三角区域内PM2.5中主要组分的理化特征以及污染贡献潜在源区。同时结合观测期间高湿度高污染的条件,对二次无机离子在灰霾以及轻雾天的来源和生成机制进行研究。接着基于区域联合观测数据,在定量评价颗粒物对长三角区域大气消光的贡献的同时对现有的大气消光系数拟合方案进行了对比评估,并基于效果最好的κ-EC-Mie模型对黑碳不同混合方式下的气溶胶光学性质进行了计算与探讨。结果表明,观测区域内冬季细粒子污染严重,且与往年的研究",False,否
宁波市港口和船舶大气污染物排放及其环境影响和健康风险评估,黄茜,"0
source      硕士
source    南京大学
Name: 70, dtype: str",,"2015年宁波-舟山港的货物吞吐量位居全球港口首位,繁忙的港口作业和船舶运输会产生大量大气污染物,影响空气质量和人体健康,因此估算宁波水域的港口和船舶排放、评估宁波市大气污染的环境影响和健康风险具有重要意义。本文基于港口活动量数据和部分实测排放因子研制了宁波市港口排放清单,分析了宁波市2015年港口和船舶的污染排放现状和特征,利用气象模式和空气质量模式对港口和船舶的大气环境影响进行定量评估,利用空气质量健康指数和超额死亡等指标对宁波市大气污染的健康风险进行探讨。主要结果如下:首先,建立了宁波市港口和船舶大气污染排放清单。计算表明,2015年宁波市港口和船舶合计排放的SO2、NOx、PM10、PM2.5、CO及VOCs分别为1.64万吨,3.75万吨,0.28万吨、0.23万吨、0.23万吨和0.84万吨。其中船舶SO2、NOx、PM10、PM2.5和CO的排放量远大于港口排放,且船舶排放的SO2和NOx在全市排放中占重要比例,比例分别13.7%和19.0%。对于港口排放,港作机械排放中龙门吊移场用油过程排放贡献超过85%。集疏运车辆排放中集卡车的排放贡献最大,超过90%。堆场及四周道路",False,否
苏州市空气污染物对儿童呼吸道病原体流行的影响,孙赛男,"0
source      硕士
source    苏州大学
Name: 71, dtype: str",,"目的:了解苏州市空气污染物与儿童呼吸道感染流行病学的关系,探寻影响儿童呼吸道感染流行的主要空气污染成分。方法:收集2013-2016年苏州市空气污染物的月平均浓度、气象因素以及同期于苏州大学附属儿童医院呼吸科住院的急性呼吸道感染（acute respiratory tract infection,ARI）患儿的临床资料,包括鼻咽分泌物的多病原检测结果。分析苏州市空气污染情况,比较空气污染物及浓度与呼吸道病原微生物流行的关系。结果:调查期间苏州市空气PM2.5、PM10、NO<sub>2</sub>年平均浓度均超过国家环境空气质量标准的年平均二级浓度限值;2013-2015年空气SO<sub>2</sub>浓度均超过平均一级浓度限值,2016年SO<sub>2</sub>平均浓度未超过平均一级浓度限值;2013-2016年空气O<sub>3</sub>-8h及CO年平均浓度值均未超过平均一级浓度限值,但O<sub>3</sub>-8h浓度平均值在每年的4-10月份均超过其一级浓度限值。PM2.5、PM10、NO<sub>2</sub>及SO<sub>2</sub>浓度的季节变化趋势均为冬",False,否
基于激光雷达和风廓线雷达等设备对常州地区霾污染的应用研究,王大鹏,"0
source          硕士
source    南京信息工程大学
Name: 72, dtype: str",,"常州位于长三角腹地,雾霾污染频发。本文选取江苏省(金坛)气象综合观测站作为背景站,本站集合了地面常规观测(物理、化学特性观测)和多种地基遥感设备对雾霾等开展全方位观测,在全国同类观测站较为领先。本文利用了 NO2、O3、SO2、PM,0和PM2.5常规观测设备、激光雷达、风廓线雷达等观测设备的数据结果,多种观测手段结合研究方法,对该区域2016年全年复合霾污染开展深入研究。文章在该地区雾霾复合污染的成分、污染物输送通量和污染物输送通道等方面进行研究,得到了以下几点成果:1.该地区2016年的雾霾污染进行初步分析结果表明,空气质量指数AQI全年表现为冬季>春季>夏季>秋季,二级标准及以上占全年的65%,地区年度空气质量以优良为主。2.气态污染物(NO2、SO2)的季节、月度和日变化走势有较好的一致性:表现为冬、春季>夏、秋季。而O3的变化趋势完全相反。地区气态污染物浓度总体偏低,PM10和PM2.5存在明显的双峰型日变化特征,季节和月度变化一致,存在明显的正相关,春季>冬季>夏季>秋季。对地区霾污染情况分析表明不是由气态污染物造成的,几乎都是受颗粒物PM10和PM2.5的影响。3.全年雾",False,否
浙江沿海典型产业集聚区海洋生态风险评价技术研究,刘奇鹰,"0
source        硕士
source    浙江海洋大学
Name: 73, dtype: str",,"针对浙江典型产业集聚区污染情况进行了样品采集、检测、风险评估等一系列工作,在充分的了解该区域污染情况以及分析主要有机污染物后对该区域的生物进行了急性毒性实验,并对该区域的环境做了生态风险评估,具体内容如下:设置站位点采集样品,应用气相色谱-质谱法对该区域沉积物中的有机污染物进行筛查,得到结论为该区域多环芳烃及邻苯二甲酸酯类化合物浓度较高,有存在生态风险的可能。建立了固相萃取-气相色谱质谱法联用以及分子印迹固相萃取-气相色谱质谱法联用对沉积物中的PAHs及PAEs进行了定性定量分析。两种方法的检出限分别为:PAHs 0.004-1.55 ng g<sup>-1</sup>、PAEs 0.046-4.2 ng g<sup>-1</sup>。完全满足对水体及沉积物样品中痕量物质的检测与分析。研究了悬浮颗粒物吸附有机物的影响因素,以高岭土及白炭黑作为模拟悬浮颗粒物样品,结果表明悬浮颗粒物的含量增加,有机物吸附量越高;Ca<sup>2+</sup>最有利于悬浮颗粒物吸附;有机物吸附量会随温度升高而降低,易溶解于水相中;盐度增加会降低有机物在水相中的溶解度,从而增加悬浮颗粒物上的吸附量;中性环境下",False,否
2015-2016年全国主要城市空气污染时空变化分析,刘路,"0
source        硕士
source    上海师范大学
Name: 74, dtype: str",,"近年来中国城市化、工业化水平逐年进步,并在经济方面取得了丰硕成果。这样快速的发展过程中,中国的城市化水平也逐年递增。而由于城市的工业化结构不合理,能源产业分配等各种因素,中国的空气质量出现了严重的问题。不断发生的雾霾污染事件,引爆国内的舆论话题,中国空污防治势在必行。而中国快速的城市化进程,往往造成空气污染问题区域化,因此合理分析全国空气污染的总体形势,把握区域空气污染的相关情况尤为必要。因而本文着重分析了2015——2016年全国空气污染时空变化情况,并以津京冀城市群核心功能区、环杭州湾城市群、珠三角城市群等全国城市化水平、区域经济水平、城市间一体化程度最好的几个地区作为重点研究区域,并分析相关污染物质在区域间的时空变化特征和相关污染物质在城市群内部的相关性程度。本文主要收集了全国364个主要城市的2015——2016年全国主要城市逐月AQI、PM2.5、PM10数据,运用ARCGIS软件对运算后的数据分别进行季度及年度的空间分布出图。然后用各城市群间2015——2016年逐日逐时AQI、PM2.5、PM10、SO<sub>2</sub>、NO<sub>2</sub>、CO等数据进行",False,否
超滤技术在某电子厂镀铜漂洗废水回用处理中的应用研究,赫国胜,"0
source        硕士
source    苏州科技大学
Name: 75, dtype: str",,"电镀废水成分复杂、危害性大,对环境及人体有很大的危害,本课题以昆山市某电子厂含铜电镀漂洗废水为研究对象,采用化学转化+直接超滤（UF）的工艺处理该废水,研究了pH、浓水排放频率、膜污染现象等对去除废水中Cu<sup>2+</sup>的影响以及运行控制方式对膜污染的影响。研究了超滤技术在该废水回用处理中的应用,并根据中试试验进行了实际的工程设计、施工、调试。本研究采用占地面积较小的保安过滤器对原废水预处理。采用滤径为200μm的滤袋以及100μm的滤芯过滤,在膜池曝气情况下,预处理可以有效缓解废水中的某些尖锐的杂质对膜丝性能的影响。膜丝断裂以及膜组堵塞的问题可以得到很好的解决。在pH=9.5时,废水中的Cu<sup>2+</sup>基本全被转化为Cu（OH）<sub>2</sub>,通过过滤获取调节pH后的氢氧化铜浓液,利用激光粒度仪测定其中的颗粒物粒径。发现95%以上的颗粒物粒径在2.704μm以上,而95%的颗粒物粒径最大不会超过13.713μm。由此发现氢氧化铜颗粒可以被超滤系统中滤径为0.075μm中空纤维膜截留。当原水Cu<sup>2+</sup>浓度在50-100mg/L,出",False,否
微污染物对饮用水管网中微生物群落和条件致病菌的影响,沈怡,"0
source        硕士
source    苏州科技大学
Name: 76, dtype: str",,"饮用水管网水质是构成饮用水安全的重要方面。管网水质受到多种因素的影响,如消毒副产物生成、管网腐蚀及微生物再生长繁殖等。饮用水的不同处理工艺导致水厂出水水质的差异,从而引起管网水质的变化。本论文主要研究了微量污染物对饮用水管网中微生物群落和条件致病菌的影响。(1)微污染物对管网水中条件致病菌的影响通过对自来水厂砂滤出水添加磺胺嘧啶和环丙沙星的方法,采用定量PCR以及对不同管网出水微生物分泌的胞外多聚物EPS以及抗药基因进行分析,研究了不同微污染物对管网出水的微生物包括致病菌再生长的影响。结果发现,磺胺嘧啶和环丙沙星的加入使得管网出水中总细菌、鸟分枝杆菌、棘阿米巴变形虫和哈氏虫的含量增加。另外,微污染物进入管网以后使得具有抗药性的微生物分泌更多的胞外多聚物EPS,从而更加容易在颗粒物上粘附生长,因此管网出水中颗粒物粒径变大数量增多,明显增强了与颗粒物粘附的微生物包括条件致病菌的抗氯性,因而与颗粒物粘附的微生物包括条件致病菌明显增多。另外,复合污染条件下这些微生物增加更加明显。(2)微污染物对饮用水管网微生物群落的影响通过焦磷酸测序(454测序)技术及定量PCR方法对不同管网微生物物种组成及",False,否
南京及周边地区不同环境PM<sub>2.5</sub>污染特征及来源解析,马迎慧,"0
source          硕士
source    南京信息工程大学
Name: 77, dtype: str",,"PM2.5是目前衡量空气质量状况的首要指标,可直接影响到气候变化、人体健康和城市能见度。大气PM2.5的来源较为复杂,其化学组分也因时因地而异,因此,通过确定PM2.5的成分并对其主要来源进行研究,研究结果以期对制定污染控制措施会起到重要的数据参考和支撑作用。本文以南京市及周边地区PM2.5及其化学组分为重点研究对象,选取四个采样点进行PM2.5样品采集,通过样品前处理,采用电感耦合等离子体色谱(ICP-MS)、离子色谱(ICS-2000,ICS-3000)和有机碳元素碳分析仪(OC/EC)分别对PM2.5中的重金属元素、水溶性离子和碳组分进行了研究,并用因子分析法(FA)对PM2.5进行了来源解析。采样期间镇江PM2.5质量浓度日均值为50.62g/m3,相对于国家二级值标准浓度,超标率16.13%;扬州PM2.5质量浓度日均值为100.44μg/m3,超标倍数0.34,超标率72.41%;四平路PM2.5质量浓度日均值为85.30μg/m3,超标倍数0.14,超标率59.26%;化工园采样点PM2.5质量浓度日均值为112.62μg/m3,超标倍数0.50,超标率90.32%。各采",False,否
苏州市灰霾成因分析及重污染过程数值模拟,蔡敏,"0
source          硕士
source    南京信息工程大学
Name: 78, dtype: str",,"随着苏州地区城市化进程不断加快,污染物的排放快速增长,颗粒物污染尤为严重,给居民的健康问题造成极大的影响。研究苏州地区近年来颗粒物污染的时空分布,分析灰霾发生的时空变化规律和气象成因以及通过对重污染天气的数值模拟,可为该区域空气污染治理和预防提供科学依据。本文对苏州地区2013～2015年颗粒污染物污染特征进行了分析,针对2012年PM2.5中水溶性无机离子的来源进行了解析,并选取典型个例进行WRF-Chem数值模拟。主要研究结论如下:(1) 2015年苏州市区PM2.5和PM10的年均浓度分别是56.71μg/m3和81.64μg/m3,均低于2013年和2014年,近三年PM2.5及PM10年均浓度逐年减小。PM2.5和PM10的季节浓度存在明显差异。苏州地区各站PM2.5和PM10的年变化趋势相似,都为双峰型。冬、春两季PM2.5和PM10浓度高,夏季浓度低。三年中均在8月左右出现PM2.5和PM10的最低值。PM2.5和PM10日变化曲线均呈现双峰型,高浓度峰值分别出现在09时和19时左右。2015年NO2年均浓度超标的城市为苏州、昆山、太仓和张家港,N02逐月平均浓度都呈双峰",False,否
苏州市大气污染特征及主要污染物源解析研究,刘林瑶,"0
source        硕士
source    苏州科技大学
Name: 79, dtype: str",,"苏州市经济的持续快速发展带动了城镇化的进程,各种企业的数量在不断增加、规模在逐年扩大,能源消耗的速度在不断加快,机动车的保有量更是快速攀升。近几年,苏州市大气污染的天数始终在30%左右徘徊,大气环境质量很不乐观,大气污染已经不是单纯的煤烟型污染,而是呈现出复合型污染的特征。本研究采用模糊综合评判法对2013-2015年苏州市大气环境质量进行了研究,确定了该市空气质量的隶属等级和主要的大气污染物;根据监测数据分析了主要大气污染物的时间变化特征以及空气质量指数与气象条件的相关性;同时以2015年为例,采用排放因子法,对苏州市主要大气污染物的来源进行了解析,并分析了不同污染排放源的贡献率。结论如下:（1）根据超标倍数法,确定不同污染因子的权重,苏州市大气污染物的权重由大到小依次是:NO<sub>2</sub>、PM2.5、PM10、O3、SO<sub>2</sub>、CO,因此苏州市主要污染物是NO<sub>2</sub>,其次是PM2.5、PM10、O3、SO<sub>2</sub>,最后是CO。（2）2013年苏州市空气质量为Ⅲ级,其中PM10隶属于二级,PM2.5和NO<sub>2</",False,否
室内空气可吸入颗粒物的检测与控制研究,苏朗,"0
source        硕士
source    苏州科技大学
Name: 80, dtype: str",,"可吸入颗粒物是存在于人体吸入的空气中且无法用肉眼识别的一种污染物,这种污染物对于长时间作息在室内的人的健康构成巨大的威胁。而目前室内空气质量的研究多限于对CO、TVOC、甲醛等具有代表性的气体污染物进行监测研究,忽略了室内可吸入颗粒物这一类参数的监测研究。因此,对室内空气可吸入颗粒物进行采集监测并对其质量评价进行研究,既可对可吸入颗粒物参数状况实时掌握,又可对室内可吸入颗粒物质量做出可靠评价,实现污染预警。室内空气可吸入颗粒物品质是模糊性较大的一个指标。室内的许多环境因素都与可吸入颗粒物质量有关,这些因素都是相互耦合的。其中对室内可吸入颗粒物浓度和分布情况影响最大的是温度和相对湿度。因此本文选取PM2.5、PM10这两种颗粒物,以及温度和相对湿度参数,对其进行数据监测,并将其作为评价指标对室内可吸入颗粒物质量做出评价。考虑到室内可吸入颗粒物参数分布的不均衡性,单一点的监测结果具有一定的不准确性。因此,本文对同一种参数都进行了多点的数据采集,以多点采集的综合处理结果代替单一点检测,加强了系统的可靠性。本文介绍了由基于光散射原理的PM2.5和PM10颗粒物传感器以及温湿度传感器、Zig B",False,否
多参数空气质量在线监测系统,张少华,"0
source        硕士
source    苏州科技大学
Name: 81, dtype: str",,"地球上洁净的空气是人类生存的必要条件,空气可以通过自然沉降、降水、阳光中紫外线的照射等方式完成自我净化。如今全球经济发展迅速,工业废气、汽车尾气的排放量增加,城市空气污染逐渐加重。只有对空气质量进行监测,才能了解空气质量的状况,及时做出防治措施,同时为城市居民提供生活地区周边空气质量数据。针对目前国家环保部官方网站以及各大空气质量查询平台所提供的数据存在地点不够准确、数据不够详细等问题,设计了多参数空气质量在线监测系统,弥补了上述不足,实现了精细化监测。系统利用多点分布的多个传感器采集数据,将无线传感器网络与LoRa通信技术和GPRS通信技术相结合,解决了多参数数据采集、无线数据传输等问题。论文主要工作如下:首先,设计了多参数空气质量在线监测系统。分布在城市不同地区的传感器节点采集多项空气质量参数,包括温湿度、CO2、CO、SO2、NO2、PM2.5,多个传感器节点与一个网关节点组成星型无线传感器网络,通过LoRa通信技术进行相互通信,网关节点将各传感器节点的数据通过GPRS模块传输至服务器,可以通过客户端、手机端、Web端等多种方式查询监测数据。其次,设计并实现了系统的硬件和软件部分",False,否
基于时空数据驱动的宁波市空气质量预警,李海琴,"0
source      硕士
source    宁波大学
Name: 82, dtype: str",,"近几年国家对空气污染的治理方案不断地进行完善,13年国务院提出“大气十条”;14年提出整改要求;15年听取相应的反馈报告,进一步对修改方案进行审议;16年正式实施相关的法律条文。所以环境空气质量预报就显得尤为重要,一方面为国家治理空气污染提供理论依据,另一方面让广大人民了解污染物的变化趋势和未来的空气质量状况。这样就可以合理的地安排日常生活中的出行活动和做好防护措施,以减少污染带来的危害。本文以支持向量机回归为基础,建立相关预测模型,并开发宁波市空气质量预报系统。具体做了以下几个方面的工作:(1)污染物实际数据的预处理。根据相关的规定对原始样本数据进行清洗。使用偏相关系数对各污染物之间及与气象数据之间进行分析,依次确定预报模型的输入输出变量。利用交叉验证的思想将样本数据划分成训练样本和测试样本,对训练样本进行训练,得出预报模型,用测试样本进行验证。通过对2016年AQI聚类分析结果。本文将测试样本分别按春、夏、秋、冬四种季候来划分,查看预报模型在不同季节上的预报效果。(2)空气质量预报模型的建立。将聚类的思想与支持向量机回归结合,分别将SOM神经网络和模糊C均值聚类算法与支持向量机回归",False,否
无锡市人为源大气污染物排放特征研究,花慧,"0
source      硕士
source    南京大学
Name: 83, dtype: str",,"近年来伴随着我国经济社会的持续快速发展,人口集中、交通发达、工业密集的城市区域大气污染物排放量巨大,而且分布集中,由此引发的大气环境污染问题尤为突出。因而,减少大气污染物的排放成为各地区应对城市大气环境问题的重要手段,而其中识别引发城市大气污染的关键排放源则是实施有针对性的城市大气污染控制措施的重要基础。本研究以长三角地区经济发达的无锡市为研究对象,以无锡市大气污染物排放清单的建立为研究目标,旨在明确无锡市的主要大气污染物排放情况,为无锡市的大气污染控制决策提供科学依据。本研究的地理边界包含无锡市8个下辖区县,核算基准年为2015年,涵盖大气污染物人为源中的工业、交通、生活、农业、扬尘和废弃物处理等6类源,以SO2、NOx、TSP、PM10、PM2.5、CO、NH3和VOCs 8种污染物质作为研究污染因子。本研究通过现场调研、部门调研、统计年鉴、国内外文献等途径获取了无锡市各个污染源详细全面的活动水平数据及排放因子,借助排放因子法自下而上地构建了无锡市大气污染物人为源排放清单。在此基础之上,利用ArcGIS技术,将污染物排放情况网格化,同时解析了大气污染物排放时间分布规律。为了验证清单",False,否
长江中下游地区边界层结构对污染物影响的观测分析,李颖,"0
source          硕士
source    南京信息工程大学
Name: 84, dtype: str",,"本文通过分析长江中下游地区苏州东山、苏州市区以及寿县3个观测站点2015年和2016年冬季探空观测数据,发现以下结论:1、长江中下游地区边界层高度具有明显日变化特征,夜间边界层高度偏低(150m),而白天边界层高度较高(750m)。不同下垫面边界层高度日变化略有差异。苏州城区地表升温快,边界层高度发展较强,;寿县夜间冷却作用较弱,白天与夜间温差变化小,边界层高度变化平缓。2、边界层高度对污染物有重要的影响。在白天,边界层高度发展,污染物向上输送扩散,近地层污染物浓度下降;混合作用剧烈时,污染物浓度垂直分布均匀。3、逆温层主要发生在夜间和清晨,在夜间逆温层有从贴底层逐渐抬升到中高层的过程。逆温层的出现抑制了水汽和污染物的上下输送,使得颗粒物分别在逆温层上方和下方堆积,使得夜间地面和中高层同时出现污染物的堆积现象。4、边界层急流大部分出现在清晨和夜间。当边界层内某高度出现边界层急流时,会增大该层结对污染物的输送能力,使得该高度污染物浓度下降。",False,否
基于气溶胶垂直信息的卫星遥感AOD与PM<sub>2.5</sub>关系估算及远源输送轨迹分析,郎红梅,"0
source        硕士
source    中国矿业大学
Name: 85, dtype: str",,"地面大气污染监测主要为分散点监测,有限的监测站无法全面反映气溶胶粒子的空间分布,卫星遥感监测可以弥补地面监测站点不足的缺点。利用卫星遥感气溶胶光学厚度数据反演地面颗粒物浓度,受大气环境季节变化及气溶胶垂直变化影响显著。本文应用2013～2015年3年无锡地区lidar监测的气溶胶垂直变化信息,对晴好、污染和输入天气MODIS AOD数据进行垂直订正,建立MODIS AOD与地面PM2.5质量浓度的估算模型。依据lidar监测计算的不同大气环境0.3～0.5km、0.5～1.0km、1.0～2.0km和2.0～3.0km高度层气溶胶光学厚度数据,分析晴好、污染、输入和过境输入天气不同高度层气溶胶消光变化。结合HYSPLIT后向轨迹模式,讨论无锡地区外来输入污染物主要方向来源、传输路径以及对本地污染影响。分析结果表明:（1）消光廓线订正后MODIS AOD与PM2.5估算模型的相关性和估算精度均高于气溶胶标高法订正和其直接估算模型,考虑不同大气环境条件消光廓线垂直变化,可以降低输入层气溶胶和污染天气气溶胶积聚导致的不同高度层气溶胶消光变化对MODIS AOD与PM2.5关系估算的影响,对应",False,否
苏州市PM<sub>2.5</sub>浓度及其化学组分的时空分布特征,王念飞,"0
source      硕士
source    西南大学
Name: 86, dtype: str",,"随着长三角地区经济和城市化持续多年的快速发展,地处该经济发达地区中部的苏州市在区域性大气复合污染特征日益突出的背景下,大气细颗粒物(Fine Particle,PM<sub>2.5</sub>)浓度和化学组成的空间分布和时间变化特征需要加以明晰。本研究通过对苏州市南门（居住区）、高新区（混合区）、工业园区（工业区）和金庭（对照点）开展为期一年的大气颗粒物监测,获得该市不同功能区、不同季节PM<sub>2.5</sub>的质量浓度、水溶性离子和碳组分的浓度数据;探讨了PM<sub>2.5</sub>浓度和化学组成的时空分布特征,并对冬、夏季污染事件的成因、来源及潜在源区进行了分析。研究取得的主要结论如下:（1）苏州市PM<sub>2.5</sub>日均浓度变化范围为18.32～215.87μg·m<sup>-3</sup>,南门、高新区、工业园区和金庭年均质量浓度分别为69.00±28.19μg·m<sup>-3</sup>、70.19±31.97μg·m<sup>-3</sup>、74.08±37.67μg·m<sup>-3</sup>、72.15±36.80μg·m<sup>-3</",False,否
常州市城市森林生态系统服务功能价值评估,李军,"0
source        硕士
source    北京林业大学
Name: 87, dtype: str",,"森林作为陆地生态系统的主体,是生物圈中重要的能源,是维持生态平衡的重要调节器,并为人类提供了很多的生态服务功能(桓曼曼,2001)。在社会的发展过程中,人们对森林生态系统的认识也在发生变化,森林涵养水源、保育土壤、固碳释氧、净化空气、生物多样性保护、减少噪音等服务功能也逐渐被人们所认识,人们开始认识到森林生态系统的服务功能对于人类生存和生活、物质利益与环境利益具有不可替代的重要作用。本研究选取常州市作为研究对象,根据《森林生态系统服务功能评估规范》(LY/T 1721-2008),结合城市森林和生态系统的服务功能定位,来构建森林生态服务功能评估指标体系。主要对常州市森林生态系统的涵养水源、固碳释氧、净化大气、生物多样性保护、减少噪音以及森林游憩的服务功能价值进行评估,计算得到各项服务指标的物质量和价值量,并分析其动态变化及产生的原因。研究结果表明:(1)城市森林的涵养水源、固碳释氧、净化大气、生物多样性保护、减少噪音等服务功能的价值量虽然在2014-2016年三年间都在持续增加,但是增加量及增加速度并不明显。(2)2016年,常州市城市森林生态服务功能的总价值量达4075240.97万",False,否
湿式电除尘器在电厂超低排放中的应用与技术评价,王耀挺,"0
source        硕士
source    华北电力大学
Name: 88, dtype: str",,"大气颗粒物脱除技术发展至今已经从最基本最原始的机械除尘技术发展衍生出了不同的门类,包括袋式除尘技术、电除尘技术、湿电技术等。本文根据湿式电除尘器在燃煤电厂的综合利用情况,概括性的比较分析了几种较为成熟且综合效果(包括环境效益、经济效益、技术水平等方面)较佳的除尘技术的理论支持、应用现状、未来发展等因素,从工程实践总结了导电玻璃钢湿式除尘器的结构设计和连接密封问题,并进行了相关研究。除尘技术包括袋式除尘技术、静电除尘技术、电袋复合除尘技术、低-低温电除尘技术、电凝并技术以及湿式电除尘技术(WESP),文章针对这几种除尘技术分别对其做了发展现状、机理讨论、结构分析、优缺点的分析等,并对每种除尘方式的技术特点进行了详细介绍。研究了湿式电除尘器导电玻璃钢阳极的设计和制作,并分析了极间距与除尘效率之间的关系。由于玻璃钢材料的特殊性,湿除玻璃钢阳极需要进行相应的复合材料结构设计,针对典型工程进行了阳极模块的结构设计以及优化。同时针对玻璃钢材料和钢材以及玻璃鳞片的密封连接问题进行了理论分析和实际工程研究,比较好地解决了密封连接问题。湿式电除尘器在火电行业的使用具有很大的积极影响,适时而又及时的解决了",False,否
区域工业大气污染源清单调查及污染物排放特征研究,秦惠平,"0
source        硕士
source    苏州科技大学
Name: 89, dtype: str",,"当前吴中区的工业污染源数量多且分布集中,排放的污染物可通过大气环流的方式在各城市的乡镇街道等区域之间输送、迁移和转化,造成各地区间的大气污染互相关联以及多种类的高浓度污染物在时空间重叠,促使污染物之间彼此耦合,形成具有区域性质的大气复合型污染,从而导致大气污染的相关治理及整改实施工作已刻不容缓。要控制大气环境污染,改善吴中区的大气环境质量,首先需要摸清区域内污染源的情况,进而掌握区域大气污染的主要成因,故开展工业大气污染源排放清单调查,摸清全区工业废气排放状况,建立全区工业大气污染源清单数据库,已成为当下做好大气污染防治的重要的基础性工作。此外本研究还通过采用线性回归数学统计方法,建立大气常规污染物排放量之间相互影响作用的数学关系模型,为核算吴中区工业源排放大气常规污染物排放含量提供理论依据和方法。研究发现:（1）基于吴中区2012-2013年工业大气污染源排放清单的调查结果,并结合大气污染源排放因子的计算,发现本次在东部、中部、西部片区调查的339家企业中,以SO<sub>2</sub>、NO<sub>x</sub>、VOCs和颗粒物排放量之和为总量,发现各区的VOCs和颗粒物（PM",False,否
流速对城市景观水体表观污染的影响,李倩倩,"0
source        硕士
source    苏州科技大学
Name: 90, dtype: str",,"近几年,因为经济体制的改革,农村城镇的人口大量涌入城市,导致城市人口的大量增长,生活污水和工业废水的排放导致城市河道黑臭和富营养化现象日益严重。苏州作为长三角著名的旅游城市,人口众多,城市水体表观污染严重。让城市中的水体动起来是目前治理城市河道的主要方法。水体在流动的过程中,可以增加水中的溶解氧,从而加快微生物对水中有机物及营养盐的降解速率,在一定的流速下,可以抑制水中的藻类生长,防止水体富营养化的发生。目前有较多研究者通过让水体流动来改善城市河道水质,但这一过程中是否由于改变了流速引起的以及流速如何影响城市表观污染都不明确。基于此,本文主要以苏州市古城区的河道水体为研究对象,探究流速和水体表观之间的关系,并从影响水体表观的影响因素角度和粒径角度对流速对水体表观的作用机制进行分析。得出以下结论:(1)研究区域内,流速在0.031～1.009m/s,SPI值在17.933～77.095之间,在该研究范围内,流速与SPI值显著正相关,相关系数为0.343(p<0.05)。随着流速的增大,SPI值先逐渐增加,然后保持在一定水平下不变,流速对水体表观具有较大影响。(2)流速对不同污染类型的河道",False,否
绿地分量对浙北地区PM<sub>2.5</sub>浓度估算精度影响分析,项佳娥,"0
source        硕士
source    浙江农林大学
Name: 91, dtype: str",,"大量研究表明绿地能够吸滞颗粒物,净化空气,然而绿地对PM<sub>2.5</sub>浓度缓解作用的定量研究较少,本文采用2014年平均PM<sub>2.5</sub>浓度代表平均水平,冬季PM<sub>2.5</sub>浓度代表高浓度污染水平。首先通过时空分析,了解浙北地区PM<sub>2.5</sub>浓度特征并初步判断其影响因子。其次通过Landsat 8影像混合像元分解得到浙北地区绿地分布状况,并分析绿地分布状况与监测站点全年平均PM<sub>2.5</sub>浓度和冬季PM<sub>2.5</sub>浓度值间相关性,初步判断绿地覆盖率对PM<sub>2.5</sub>浓度的影响。另外,通过监测站点周边绿地景观指数分析PM<sub>2.5</sub>浓度与绿地面积、形状以及空间分布格局间关系。然后,在了解绿地对PM<sub>2.5</sub>浓度影响的基础上,分析站点PM<sub>2.5</sub>浓度和道路密度、气象因子以及DEM高程的相关性,为建模因子选择做准备。从道路因子、气象因子以及DEM高程中选择与监测站点PM<sub>2.5</sub>浓度相关性达到显著水平的因子建立",False,否
城市道路初期雨水截流与处理技术研究,朱红生,"0
source      硕士
source    清华大学
Name: 92, dtype: str",,"本研究通过对常州市不同功能区道路雨水径流进行采样分析,结合CFD模型,在实验条件下研究专管储存技术对道路初期雨水截流效果,对示范工程进行预评估,并在实验条件下探讨无压旋流分离技术对截流道路初期雨水径流的处理效果。不同降雨类型、功能区的道路雨水场次径流污染物平均浓度（EMC）为:大雨>中雨>小雨,商业区>生活区>工业区。道路雨水径流颗粒物以细颗粒（<75μm）为主。COD、TP与SS的相关性较好。大雨时道路雨水径流不存在二次冲刷现象,而小雨和中雨时存在明显的二次冲刷现象。常州地区道路雨水径流表现为较强的初期冲刷效应。利用数学模型模拟M（V）曲线,其拟合结果R<sup>2</sup>≥0.978。确定华东地区（常州市）面源控制措施的初期雨水截流量为5 mm左右。应用于分流制道路初雨截流的专管储存技术设置管井水力截流,较高的水力坡度、较低的管井液位、较小的管径和适宜的流槽有利于减少局部阻力损失对压力流的影响。对专管储存技术的雨水口、管径、管材、管道坡度等参数进行理论设计,以截流能力、排空时间等建立技术评估体系,从源头、输送、末端进行维护与管理。CFD模拟能够较好地验证专管设计,并直观表现管内",False,否
波罗江流域雨水径流污染特征研究,薛鹏程,"0
source        硕士
source    苏州科技大学
Name: 93, dtype: str",,"波罗江是洱海重要入湖河流之一,每年大量的污染物通过波罗江输入洱海。近年来波罗江水质变差,流域内雨水径流污染问题严重,给波罗江的水质治理带来很大麻烦。本研究旨在掌握波罗江流域雨水径流污染特征,为流域雨水径流污染管理提供数据支持和理论指导,主要通过对波罗江流域山麓区、农村区、城镇建设区和住宅小区四块典型区域的雨水径流进行监测和分析,重点分析了径流中污染物浓度变化过程、污染物赋存形态及沉降效果、污染物初期冲刷效应,讨论了降雨参数对径流污染负荷的影响,建立了降雨参数与径流污染负荷的数学模型,并估算了波罗江流域雨水径流年污染负荷。主要得到以下结论:（1）山麓区和农村区径流污染物瞬时浓度变化过程呈现先增大后减小的变化规律,城镇建设区和住宅小区径流产流速度快,中雨和大雨情景下,大部分污染物在径流形成5分钟内便达到浓度峰值,浓度衰减过程较山麓区和农村区明显。SS与其他污染物相关性较好,可以采取有效措施削减径流中SS的量达到同时去除其他污染物的效果。流域各区域径流污染物EMCs达到选定标准限值的指标较少,其EMC分布呈现一定的差异性:山麓区和农村区径流中SS的EMC值高于城镇建设区和住宅小区;城镇建设区",False,否
基于废油综合利用的微尘灰土在道路工程中的适用性试验研究,孙旻晙,"0
source        硕士
source    苏州科技大学
Name: 94, dtype: str",,"我国目前土质道路与道路施工现场扬灰现象严重,而生活废油回收再利用问题也是当下热门话题。基于目前已经应用的煤炭抑灰剂配方来讨论其在道路灰土应用的效果与力学性质变化。得出结论为:餐厨废油微粒的存在对于石灰土抑灰效果明显而对物理性质变化不大,对力学性质有些许增益作用。本文首先设计试验方法,确定试验灰土的配比与基本物理参数;其次从理论入手考虑一维扩散方程进行理论分析,构建合理的风道模型与试验参数设定并进行试验;然后对灰土进行力学试验并与原状灰土力学性质进行对比分析;最后进行了灰土稳定性试验研究。本文的主要工作和具体研究成果如下:1、确定试验土体基本参数并确定餐厨废油与石灰土配合比。通过击实试验确定油微粒对于石灰土的最大干密度与其对应的最佳含水率影响甚微。通过液塑限联合测定确定油微粒使土粒在低含水率条件下趋于软化,高含水率下不易液化。2、建立风洞并且对石灰微粒进行试验,得出油微粒存在使得粒子飘散得到明显的抑制。3、对于石灰土进行无侧限抗压强度试验与三轴压缩试验,得出结果为油微粒使得土体抗压强度,内摩擦角φ与内聚力c都提高。4、通过对土体进行渗透试验,固结试验和无荷载膨胀试验,得出油微粒使得水分难",False,否
浙江典型地区气溶胶时空动态研究,孙文文,"0
source        硕士
source    浙江农林大学
Name: 95, dtype: str",,"作为气溶胶增加较快的区域之一,浙江地区作为我国的东部沿海重要经济核心区域、文化交流中心。随着经济的迅速发展,浙江北部地区人口和机动车辆急剧增加,环境问题日益严重,可吸入颗粒物己成为该地区的首要空气污染物。大气中气溶胶颗粒物的来源众多而且复杂,因此研究该地区大气气溶胶的来源及其特征,对科学预测以及有效地控制浙江北部地区大气颗粒物污染有着重要的实际指导意义。本文针对该地区大气污染监测和环境治理的需求对浙北典型地区大气气溶胶开展了观测研究工作,研究利用法国CEMEL公司制造的自动跟踪进行扫描的太阳光度计CE-318获取浙江北部地区2014～2015年气溶胶数据。结合MODIS遥感数据以及美国国家海洋和大气管理局（NOAA）的气象资料进行后向轨迹分析污染物来源与其雾霾事件的相关性。主要研究结果包括:（1）研究区各监测站点地基观测AOT除天目山两个站点全年AOT值均小于0.2以外,杭州、临安、宁波实测AOT均高于0.2,尤其是杭州污染最严重,全年AOT均大于0.7,处于重度污染状况。杭州站AOT季节变化为:夏>秋>春>冬;临安为:夏>春>秋>冬;宁波站为:春>冬>秋>夏,其中宁波地区季节变化显著",False,否
基于环境承载力的大气环境安全研究,何晓玲,"0
source      硕士
source    江苏大学
Name: 96, dtype: str",,"随着我国经济迅速的发展和城乡一体化政策的推动,大气环境安全的问题也就日益突显出来,成为人们关注的一个焦点。根据我国现在的国情,我国面临的大气环境安全问题主要有大气污染物排放总量大、浓度不达标、能源消耗多以及机动车保有量逐年增加等问题,这些会严重危害人类生存的大气环境,对人身安全也会产生威胁,因此,大气环境承载力的计算评估问题亟待解决。本文对镇江市的自然环境和社会经济概况进行详细分析,接着确定大气环境安全功能区,然后对镇江市的气象资料进行收集整理分析,主要对气象资料中的风速、风向、低云量、总云量、降水量等进行详细分析。对镇江市的污染源排放情况进行调查分析,先分析污染排放现状,从点源、线源、面源三个方向对污染源的排放情况进行具体分析:点源分行业调查、按行政区域调查和企业调查三类进行分析;线源主要分析机动车和船舶;面源主要从秸秆焚烧面和燃料燃烧面进行分析。用修正A值法和ADMS-Urban模型结合线性规划模型两种方法计算镇江市SO<sub>2</sub>、NOx、PM<sub>10</sub>这三种污染因子在各个行政区四季的环境容量,对比分析计算结果,可知这两种方法计算结果相差不大,说明修正",False,否
UBLM-Chem3.0模式的发展及城市植被的气象与环境效应研究,杨健博,"0
source      博士
source    南京大学
Name: 97, dtype: str",,"植被下垫面是城市非均匀地表重要的组成部分之一。城市植被因其对辐射传输、地表能量平衡、气温、湿度等方面的影响而具有重要的气象效应;又因其能加快大气污染物的干沉降过程而具有直接环境效应,实现对城市空气质量的改善;并通过排放挥发性有机物而具有间接环境效应,引起O3浓度的上升。本文首先建立了能综合考虑城市植被气象效应和环境效应的城市树木冠层模块和植被干沉降方案,充分考虑了树木冠层垂直结构对辐射传输、地表能量平衡、温度、湿度等气象要素的影响,以及多种环境和植被特征参数对污染物干沉降过程的影响。在此基础上构建了在线耦合的城市边界层-植被-化学-辐射模式系统。结合多种观测资料,通过离线和在线两种方式对模式系统的模拟效果进行了检验。并以长三角典型城市苏州为研究区域,系统分析并量化了城市植被的综合气象效应和环境效应,结果表明:城市植被的气象效应具体体现在:(1)苏州市现有植被分布特征可以缓解夏季高温天气的不利影响,可使该地区夏季日平均气温下降约0.4℃,树木的降温效果优于草地,降温效果在中午最明显,而草地的降温效果在傍晚更明显。(2)城市热岛强度会随植被覆盖率的提高而下降,当城市植被覆盖率分别为0、20",False,否
苏州城市灰霾和臭氧相互作用的观测与模拟研究,李佳慧,"0
source      硕士
source    南京大学
Name: 98, dtype: str",,"灰霾和臭氧污染已经成为中国城市的主要空气污染问题,对灰霾与臭氧相互作用的研究,有助于理解城市灰霾、光化学污染形成机制以及提高城市空气质量和灰霾的数值预报水平。本文结合苏州地区观测资料和南京大学城市空气质量预报系统(NJUCAQPS 4.3)对苏州城市灰霾与臭氧之间的相互作用进行分析,研究二者相互作用的典型个例,并评估冬夏两季各相互作用对颗粒物和气态污染物浓度变化的影响及相对重要性。颗粒物与O3存在着复杂的相互作用,O3影响二次气溶胶的形成,颗粒物通过辐射效应、光化学效应和非均相效应对O3造成影响。辐射效应是气溶胶通过直接气候效应改变气象场,从而影响O3的输送扩散等过程;光化学效应是气溶胶影响太阳辐射,从而直接影响光化学过程中的气态成分光解率;非均相效应是通过气溶胶的非均相过程影响O3;直接辐射强迫效应综合考虑辐射效应和光化学效应。苏州市颗粒物和O3浓度具有明显季节变化和日变化特征,其变化规律主要受到天气形势、汽车尾气排放以及光化学反应等影响。研究表明细颗粒物PM2.5与NO2、CO和Ox均成显著正相关,说明汽车尾气排放以及光化学反应对PM2.5浓度有显著贡献;PM10和PM2.5与晴空",False,否
基于城市微环境PM<sub>2.5</sub>暴露的人群健康风险研究,朱蔚沫,"0
source      硕士
source    南京大学
Name: 99, dtype: str",,"流行病学研究已经证实,PM2.5长期暴露会对人体健康产生显著的负面影响。但是,传统的大气污染健康风险评估以室外大气环境的PM2.5浓度表征人群暴露水平,忽视了城市不同微环境的污染水平空间差异以及人群在不同微环境的时间分布,可能导致所得的健康风险评估结果偏离实际情况。本研究以苏州市为案例,在分季度实地调研基础上,获得不同属性人群在城市各微环境(室外、住宅、工作／学习)的时间-活动模式信息,用停留时间加权法计算了基于城市微环境的人群PM25暴露风险。同时,基于苏州市的人口分布以及卫星反演得到的PM2.5浓度分布等信息,应用能反映中国区域污染特征的综合暴露反应模型,计算了苏州市2000年和2010年由于PM2.5暴露造成的4种典型健康终端归因死亡人数。主要结论如下：i.M2.5浓度及其归因死亡人数在10年间显著增长,人为源对归因死亡的贡献始终处于主导地位(均超过90%)。全组分PM2.5年均浓度从2000年的49.49μg/m3上升至2010年的69.97μg/m3,4种健康终端总归因死亡人数从2000年的2718人上升至8757人。若仅考虑人口变化,浓度保持2000年水平,则2010年归因",False,否
浙江省城市PM<sub>2.5</sub>时空分异特征及其与其它气体污染物关系研究,游康云,"0
source        硕士
source    浙江师范大学
Name: 100, dtype: str",,"随着中国经济的飞速发展,城市化进程的加剧,城市的数量和规模扩大的同时伴随而来的是“城市病”,如城市生态环境日益恶化、交通拥堵、土壤污染、水污染、大气污染等。其中的大气污染对人类的危害日益突出,近些年来大气污染日益严重,雾霾、灰霾天的增多严重影响了人们的身体健康和日常生活。大气污染的主要污染物之一就是PM<sub>2.5</sub>, PM<sub>2.5</sub>因其粒径小,可以进入人类呼吸系统,又被称作可入肺颗粒物,PM<sub>2.5</sub>对人体和环境危害大,因此日益引起了人们的关注,成为国内外研究的热点。浙江省作为我国经济最为发达区域之一,更是成为颗粒物污染的重灾区,伴随浙江经济发展而来的是空气质量的严重下降。本文基于浙江省11个地级市的2013年12月2日-2015年12月31日的PM<sub>2.5</sub>、PM<sub>10</sub>、SO<sub>2</sub>、NO<sub>x</sub>、CO浓度数据,运用Spss19.0软件对数据进行特征值超标状况的统计和分析。通过绘制PM<sub>2.5</sub>的日均浓度、月均浓度、季节浓度在时间序列的变化趋势图",False,否
室外空气污染与人群心脑血管疾病死亡的短期效应研究：时间序列分析,钱旭君,"0
source      硕士
source    苏州大学
Name: 101, dtype: str",,"目的:室外空气污染对人群健康有不利影响,而心脑血管疾病是我国的首要死因,在人群中日益高发。通过本研究了解宁波市人群心脑血管疾病死亡、室外空气污染物和气象因素的分布水平及变化规律,分析室外空气污染浓度变化与人群心脑血管疾病死亡的剂量-效应关系、滞后效应和季节性差异。方法:收集宁波市2011年1月1日至2014年12月31日逐日人群心脑血管疾病死亡、气象因素(日均温度,日均湿度,相对气压和日均风速)和大气污染物日均浓度(PM2.5、PM10、SO2、NO2、CO和O3)资料,采用时间序列分析方法的广义相加模型(GAM)结合分布滞后非线性模型(DLNM)研究宁波市室外空气污染对人群心脑血管疾病死亡的短期效应影响。统计分析用R软件完成。结果:1.宁波市2011-2014年污染物浓度升高与人群心脑血管疾病死亡增加相关,并存在滞后效应。单污染物单日滞后模型显示,当天的污染物浓度升高对心脑血管疾病死亡增加均无统计学意义。不同污染物的滞后效应存在差异,广义相加模型显示各污染物中CO日均浓度每增加0.1mg/m3,对滞后3天人群心脑血管疾病死亡影响的效应最大,超额危险度(ER)为0.52%(95%CI:",False,否
南京、镇江下蜀黄土古环境信息研究,刘峰,"0
source        硕士
source    华东师范大学
Name: 102, dtype: str",,"黄土是第四纪研究领域最为重要的三大载体之一。长久以来,由于我国自然地理环境和地理位置的独特性,黄土沉积物在我国有着广泛的分布,黄土在中国的沉积有着连续性、广布性等特点,由此它为广大的第四纪工作者提供了广泛的研究载体。长期以来,我国的研究学者对中国的黄土特别是北方黄土有着深入而系统的研究,从多个角度、多个指标进行对比分析。近年来,众多学者已经达成共识的认识到：下蜀黄土与西北黄土同为风尘沉积物,各项可以反映物源或是成因的指标都在下蜀黄土研究中得到了广泛的应用。位于我国黄土分布的边缘地区的下蜀黄土,处在我国东部季风区,受夏季风影响的最前沿地带,其对于古季风的反映可能更为敏感,因此研究下蜀黄土对于认识东亚季风演化有着重要的意义。本文通过对南京周家山、镇江圌山下蜀黄土剖面进行细致、系统的粒度测试分析、磁学测试分析、地球化学元素测试分析和DRS漫反射光谱测试分析,对下蜀黄土的理化特性进行了全面而深入分析,并分析了东部地区下蜀黄土的成因和物源。通过对两个剖面的各个方面的数据,结合东海岛屿嵊山岛数据,与西北黄土基本理化指标进行对比分析,揭示了下蜀黄土部分内在物理化学特征,发现其中不同于西北黄土以及岛屿",False,否
基于地面监测站PM<sub>2.5</sub>的时空分布及其与呼吸系统疾病就诊关系的研究,张振宇,"0
source      博士
source    浙江大学
Name: 103, dtype: str",,"背景：细颗粒物PM2.5(动力学直径小于2.5 μm的颗粒物)是造成雾霾天气的主要污染物,国内外大量流行病学研究认为PM2.5与多种负面健康效应有关。近年来随着社会经济的高速发展,雾霾污染已经成为了我国突出的环境问题,受到国内学者和公众的广泛关注,我国从2012年底开始逐步建立PM2.5地面监测网络。但大范围、长时间PM2.5监测数据缺失,导致我国在PM2.5与健康效应关系方面的研究较为薄弱。一般认为大气污染物PM2.5污染水平的增高与肺功能减退、呼吸系统疾病发病和死亡、心脑血管疾病发病和死亡有关。医院呼吸系统疾病就诊情况可以灵敏地反应大气污染物对人群健康的急性效应,过去由于缺少适合的统计学方法和就诊数据获取难度较大,我国大气污染与呼吸系统疾病就诊关系的研究进展落后于欧美国家。本研究利用地面大气污染物PM2.5监测站的数据,建立适用于我国的高精度的PM2.5 Land use回归模型,利用拟合PM2.5数据探索我国PM2.5时空分布规律；利用医院呼吸系统就诊数据和PM2.5及其他气象信息数据,通过时间序列的分析方法探索大气污染物PM2.5与呼吸系统疾病就诊的关系。材料与方法：本研究采用",False,否
基于卫星遥感的长三角主要城市PM2.5估算,王静,"0
source        硕士
source    华东师范大学
Name: 104, dtype: str",,"近些年来,细颗粒物PM2.5是影响我国大多数城市空气质量的首要污染物,一方面,PM2.5影响着大气环境的清洁度,严重时可引起灾害性的重雾霾天气,直接导致城市能见度的下降,对人们的生产和生活造成不利的影响；另一方面,PM2.5严重威胁着人体健康,因此,开展PM2.5的监测和预测研究具有重要的现实意义。卫星遥感具有获取范围广、速度快、周期短、受条件限制少等特点,可以在PM2.5的监测当中发挥重要作用。本文以长江三角洲主要9个城市：上海市、南京市、杭州市、苏州市、无锡市、常州市、南通市、宁波市、绍兴市为研究区域,借助2013年6月1日至2015年5月30日研究区内68个地面监测站监测得到的PM2.5数据,探究了长三角主要城市的PM2.5的小时、曰、月和季节变化特征；提取与监测站相对应的MODIS AOD数据,探究PM2.5与AOD的相关性；利用再分析资料提供的气象要素数据,包括温度、气压、相对湿度、纬向风速、经向风速、表面粗糙度和边界层高度数据,探究各个气象要素对PM2.5的影响,最后,基于多元逐步回归分析和人工神经网络的方法分城市和分季节估算PM2.5。结果表明,长江三角洲主要9个城市的P",False,否
苏州市常见植物配置对城市生态效应影响的研究,刘莹莹,"0
source      硕士
source    苏州大学
Name: 105, dtype: str",,"植物配置常常是从景观美学角度出发,较少考虑其对生态效应的影响。本试验以苏州市常见的园林植物和植物配置类型为研究对象,通过对不同园林植物和不同植物配置的光合特性、单位面积滞尘量、降温增湿效应等生态指标进行评价分析,探明不同园林植物和不同植物配置类型的生态效应,以期为城市生态园林的建设提供理论依据和应用途径。研究结果表明:1.不同空间类型对微环境降温增湿的影响是广场和公园>街道>古典园林和居住区>酒店>校园。2.4种植物配置类型对微环境温度的影响与其对微环境湿度的影响相反。4种植物配置日平均降温增湿效应为:群乔>乔灌草>乔草>乔硬质。其中,乔灌草、乔草、乔硬质和群乔对微环境的降温效应分别在10:00和11:00、10:00和11:00、15:00和17:00时最为明显,温度分别下降了2.3℃、2.1℃、1.8℃和1.9℃。在10:00时,各配置对微环境的增湿效应最为明显,分别为13.5%、13.3%、11.7%和11.8%。3.PAR在0-200μmol.m-2.s-1时,供试植物的Pn随着PAR的增加急剧增加;当PAR大于200μmol.m-2.s-1时,随着PAR增大,Pn继续随着增大",False,否
苏州古城区降雨径流水文水质特征研究,李淮,"0
source        硕士
source    苏州科技学院
Name: 106, dtype: str",,"随着城市化进程的不断加快,城市不透水地表面积的比例不断扩大,降雨径流逐渐成为城市水环境恶化的主要原因。同时,与传统城市相比,古城区城市用地类型以及污染来源更为复杂,水环境也格外脆弱,加之土地利用紧张,对于城市非点源污染的控制和管理方面具有相当的特殊性和迫切性,不能完全照搬其类型城市的经验,在设计时缺乏理论依据。本文基于苏州市古城区内商业区、现代住宅区、老旧住宅区、交通区、园林旅游区等5种具有代表性的功能区降雨径流中水质监测、降雨径流参数以及颗粒物粒径分析,研究了5种城市功能区具有代表性的路面和屋面降雨径流中污染物的EMC分异、赋存形态以及动态变化特征,重点分析径流中的颗粒物的粒径分布、迁移过程以及影响因素,探讨了污染物的初期冲刷效应,并估算了苏州古城区地表径流年污染负荷。在分析时结合古城区地域特色,总结了苏州古城区非点源污染物特性,为苏州古城区城市地表径流污染负荷的控制和削减提供基础资料和理论依据。论文的主要结论如下所示:（1）降雨径流过程线受城市不同功能区下垫面类型以及降雨过程线影响较大,路面径流过程普遍要滞后于降雨过程线,而屋面径流对于降雨过程的响应较为灵敏;由于受地表碱性物质的影",False,否
重金属污染场地风险评估及修复技术研究,陈武,"0
source        硕士
source    苏州科技学院
Name: 107, dtype: str",,"本文在对苏州工业园区某重金属污染场地取样分析,通过数据分析土壤的污染状况,并对该场地展开健康风险评估,在针对具体重金属镍污染开展不同的修复实验,通过实验结果再结合土壤、时间、成本等因素得出一个可行的修复方案。主要研究内容如下:(1)对该重金属污染场地结合各方面的背景状况进行调查,结从该项目的原有生产工艺、所使用的原辅材料和先前做的土壤和地下水场地环境评估初步断定该场地的污染物为重金属镍,根据原企业的生产工艺和生产车间布局,确定该场地潜在的重金属镍污染重点关注区域。(2)对潜在的重金属镍污染区域与对照区域等分别采样,采用ICP-OES测定其重金属镍的含量,并测定p H值。经过对实验结果分析,在八个样品中有三个重金属镍含量均超过了《建设用地土壤污染风险筛选指导值》(二次征求意见稿)中工业类用地的风险筛选指导值(198mg/Kg),其中一个点位的镍含量达到600mg/Kg。(3)选择重金属镍作为关注污染物,进一步评估其健康风险,评估方法参考《污染场地风险评估技术导则》。以检测结果的最大值计算该场地的风险,通过计算得出该场地土壤中镍的致癌风险和危害商分别高于标准值,因此需要对该场地土壤作进一步",False,否
苏州市环境空气PM<sub>2.5</sub>细颗粒物中有机物和重金属的调查研究,许佩,"0
source        硕士
source    苏州科技学院
Name: 108, dtype: str",,"雾霾天气的频繁出现使居民出行能见度受到严重影响,进而影响到居民身体健康,PM<sub>2.5</sub>逐步进入普通民众的视野,引起了人们的注意。有机物和重金属作为颗粒物中主要成分,其存在对环境构成极大的潜在威胁。故对苏州市大气环境PM<sub>2.5</sub>颗粒物中的有机物和重金属进行调查研究,以分析评价苏州市环境空气质量。本课题从2015年1月至5月对苏州市四个功能区PM<sub>2.5</sub>进行监测,分析测定PM<sub>2.5</sub>中的有机物和重金属的含量及其来源。本文的内容大概可以概括为以下几个方面:1.简单阐述了PM<sub>2.5</sub>中有机物和重金属元素的来源与危害,国内外对测定有机物和金属方面的研究进展,并简单介绍了研究区域苏州市的概况,以及当今样品预处理技术中不同和应用。2.实验证明颗粒物在滤膜上分布是均匀的。故可采用将滤膜等分来进行ASE条件的优化及对同一张滤膜均分研究有机物和重金属的污染特征,采用等分法得到的实验样品优化ASE的最佳萃取条件:萃取剂为丙酮:二氯甲烷,体积比为1:1;萃取温度140℃;系统压力10MPa;加热时间5min;静态",False,否
城市景观水体表观污染的悬浮颗粒物粒度分布特征研究,贡丹燕,"0
source        硕士
source    苏州科技学院
Name: 109, dtype: str",,"随着我国经济的高速发展,城市地表水体污染加剧,水质下降,绝大多数城市地表水体丧失了作为饮用水水源地的功能,主体功能转变为景观功能。由于城市景观水体自身生态脆弱性及人类活动的影响,景观功能亦被严重削弱,城市景观水体表观污染日趋严重。水中悬浮颗粒物是引起城市景观水体表观污染最主要的原因,悬浮颗粒物粒度分布决定着水中颗粒物对光的衰减、吸收和散射作用,进而决定着水体的颜色、透明度、真光层深度等水体表观特征。固悬浮颗粒物粒度分布特征能反映城市景观水体表观污染状况。基于此本研究以苏州市内城市景观水体为研究对象,系统分析水中悬浮颗粒物的粒度分布特征与水体表观污染程度的关系,从悬浮颗粒物粒度角度来解析城市景观水体表观污染效应。得出以下结论:(1)不同表观污染类型城市景观水体中悬浮颗粒物呈现不同的粒度分布特征。黄色城市景观水体悬浮颗粒物粒度主要呈单峰分布,具有分选性较好、峰正态、近对称的分布特征;绿色城市景观水体中悬浮颗粒物粒度主要呈多峰分布,具有分选性差、多组分的分布特征。(2)绿色城市景观水体中悬浮颗粒物对水体表观敏感的粒级是8～35μm,SPI值、Chl-a浓度与该粒级组分体积分数呈显著正相关。此",False,否
基于LCA理论下有轨电车全寿命周期环境影响评价,杨阳,"0
source      硕士
source    东南大学
Name: 110, dtype: str",,"随着全球经济的快速发展,各类旨在缓解城市拥堵的新型的交通运输方式——诸如新型有轨电车、轻轨、地铁、BRT等层出不穷。对于这些新型的运输方式,很少有关于其环境特性的评价；即便有关于这些工程的环境方面的研究,大多也在于研究其噪声或者建设期内的环境影响,并不会放眼于其全寿命周期内。本文主要利用全寿命周期评价(LCA)理论,从有轨电车原料提取与能源生产、建设阶段、列车生产阶段、运营阶段、维修养护阶段、报废阶段六个时期研究其对环境的影响,旨在为城市决策者提供环境层面的判断依据,为今后从环境角度与其他客运方式的比较提供依据。通过文章的分析,得到了以下结论：(1)从有轨电车的生命周期上来看,大部分的二氧化碳的排放来自于列车生产阶段,这也使得在苏州有轨电车1号线项目中,列车生产阶段所排放的温室气体对全球变暖的贡献率达到81.0%。而运营阶段则主要由于发电方式,使得其成为二氧化硫排放的主要贡献者,这也是导致运营阶段成为酸化潜值、化石资源消耗潜值、工业用水消耗量占生命周期的主导地位。诸如氮氧化物、甲烷、各类颗粒物的排放则主要来源于原料提取与能源生产阶段,这造成原料提取与能源生产阶段成为可吸入无机物、光化学",False,否
苏州地区大型综合医院空调风管卫生状况调查,蒋国彪,"0
source      硕士
source    苏州大学
Name: 111, dtype: str",,"[目的]了解苏州地区大型综合医院空调通风系统卫生状况,分析其影响因素,评价施加干预措施产生的效果,从而为苏州地区综合性医院集中空调风管系统卫生管理工作提供决策参考和科学依据。[调查对象和方法]采用随机确定调查对象为10家苏州地区医院使用的集中空调通风系统,依照《公共场所集中空调通风系统卫生规范》要求,对送风口空气细菌总数、真菌总数、β-溶血性链球菌和PM10等4项指标及风管内细菌、真菌和积尘量总数3项指标进行检测,分析了包括建立卫生管理体系、清洗消毒等3个影响因素。在10家医院的50套通风系统中随机抽取4家医院的20套系统采取卫生干预措施,并对干预前后的卫生情况进行比较。[结果]①现况调查:2014年随机抽取的10家大型综合医院所有空调风管系统中,有8家医院的全套指标全部检测项目均合格,医院总合格率为80%。分项数据中送风口空气细菌总数、真菌总数、β-溶血性链球菌和PM10合格率分别为96%,89.3%、100%和85.3%;风管内细菌、真菌和积尘量总数合格率分别为92%、98%和86%。②影响因素:建立了医院卫生管理体系的医院与未建立卫生管理体系医院检出送风管内空气真菌的差异具有统计",False,否
宁波市气温和空气污染对人群死亡的交互影响,谷少华,"0
source            硕士
source    中国疾病预防控制中心
Name: 112, dtype: str",,"全球气候变暖和空气污染均对人类健康造成巨大威胁,已有研究指出二者之间可能存在交互效应。本研究的目的是:探讨宁波市气温和空气污染物对人群死亡的短期交互影响;筛选宁波市易受气温和空气污染交互影响的脆弱人群;比较宁波和中国其它城市受到气温和空气污染交互影响的差异性。本研究收集了宁波市2011-2013年逐日人群死亡、气象和空气污染等资料,利用时间序列分析方法结合分布滞后非线性模型研究气温和各主要空气污染物对人群死亡影响的滞后效应;通过“反应平面图”和“气温分层”方法探讨气温和各空气污染物对人群死亡的交互效应;采用分层分析的方法比较不同死因和不同人群受到气温和空气污染交互效应的差异;选择病例交叉研究方法验证时间序列研究的结果。研究的主要结果是:1)宁波市近几十年来气温和空气污染程度均呈增高趋势,极端高温事件和霾天气出现频繁。2)无论高温或低温均可以造成人群死亡增高,高温的滞后时间较短,而低温的滞后时间较长;女性、老年人、无配偶人群、低文化程度者受到气温的影响更大。3) PM10每升高10μg/m3累计滞后0-2天可造成非意外总死亡、心血管疾病、呼吸系统疾病的超额死亡率分别为0.34%(95% ",False,否
浙江传统书院的园林环境研究,方舒丽,"0
source        硕士
source    浙江农林大学
Name: 113, dtype: str",,"书院是古代儒家士人聚集、讲学、藏书、习艺、游息之所,也是我国古代社会传播传统文化的重要场所。浙江地区历来文风昌盛,在中国书院发展过程中占据着极为重要的位置。浙江传统书院的园林环境以中国传统文化和浙江地理环境为基础,继承了浙江传统园林的造园艺术,具有独特的地域特征以及深厚的文化意蕴。本文以浙江传统书院为研究对象,从整体到局部、宏观到微观,客观分析浙江传统书院的园林环境,旨在对浙江传统书院园林环境有一个较为全面、深入的研究。本文在分析归纳古今文献和实地调研的基础上,形成如下结论:(1)基本梳理了浙江传统书院的历史发展和文化背景,总结浙江传统书院园林环境的主要发展特点为:两宋时期逐渐形成书院以讲学、藏书、祭祀、游憩为一体的园林环境特色;明清时期书院回归质朴,追求自然宜人的园林环境。(2)依据浙江传统书院的外部环境特征将其分为山林书院、城市书院、乡村书院三种类型,结合实例分析得出:山林书院以自然之景为主,利用自然环境烘托安静的气氛;城市书院近市不喧,通过人工之景营造良好的学术氛围;乡村书院园林环境自然朴实,外借自然之景,内栽树木花卉,力求营造高雅脱俗的教育环境。(3)基于浙江传统书院园林环境的",False,否
常州市大气PM<sub>2.5</sub>源解析研究,王强,"0
source        硕士
source    江苏理工学院
Name: 114, dtype: str",,"2012年2月29日,环保部颁布了新的《环境空气质量标准》(GB3095-2012),PM2.5成为人们关注的焦点问题,常州市PM2.5成为空气中首要污染物,控制PM2.5的污染已迫在眉睫。笔者从2013年3月开始,用一年多的时间,对常州市大气中PM2.5的来源进行了源解析研究。采集了常州市六个点位的受体样品,在常州市内采集了源样品,并对所有的样品进行了金属元素、总碳(Total Carbon,简称TC)、有机碳(Organic Carbon,简称OC)、SO42-、NO3-等成分的分析。用富集因子法(Enrichment factor,简称EF)研究了金属元素的污染特征,用化学质量平衡模型(Chemical mass balance,简称CMB)对大气中PM2.5的来源进行解析。主要获得如下结论:(1)常州市PM2.5污染严重,PM2.5平均浓度为106.06μg/m3。(2)建立了源成分谱和受体化学组成特征,并指出TC、SO42-、NO3-和Si是颗粒物的主要组分;(3)用EF法研究了金属元素的污染特征,Na、Al、Ti、V、Cr、Co的富集因子较小,其他元素的EF值都很大。(4)",False,否
太湖流域典型地区大气主要含氮化合物浓度时空分布特征,高波,"0
source        硕士
source    南京农业大学
Name: 115, dtype: str",,"近年来随着经济的发展、人口的增加、大量化石燃料燃烧、汽车尾气排放以及氮肥施用导致大气中含氮物质的激增,排放到大气中的活性氮成分对生态环境和人体健康都产生了重要的影响。人为活性氮的增加尤其是化肥氮素,为人类提供了食物保障,同时也加大了活性氮向陆地和水体的转移,导致土壤酸化、水体富营养化以及生物多样性损失等一系列环境问题。太湖地区是我国经济最发达的地区之一,伴随着城市化进程的加快,太湖地区城市规模不断扩大,人口不断攀升,能源消耗增加迅速,机动车数量也在逐年增加,这些因素使得太湖地区大气活性氮污染水平越来越值得关注。本研究选取太湖地区典型城市、城郊和农村三个采样点,监测了 2014年3月至2015年2月期间气态和颗粒态大气活性氮浓度,分析了太湖地区大气活性氮浓度的时空变异特征,综合讨论了大气各形态活性氮的影响因素。研究结果表明:(1)太湖地区大气NH3浓度的年平均值为21.67μgN·m-3,其中苏州、常熟、宜兴三个采样点大气NH3浓度年平均值分别为14.50、17.16、33.34μgN·m3;大气HNO3浓度月平均值为6.11 μgN·m-3,其中苏州、常熟、宜兴三个采样点大气HNO3浓",False,否
长江三角洲区域大气颗粒物水溶性离子和元素粒径谱特征研究,王曼婷,"0
source          硕士
source    南京信息工程大学
Name: 116, dtype: str",,"近几十年来长三角地区作为我国经济发展最快、工业化和城市化最为迅速的地区,大气环境污染日益加重,尤其城市霾天气日益增多。同时由于大气颗粒物对气候、环境和人体健康影响很大,水溶性无机离子和化学元素又是其中的重要化学组成,因此研究水溶性离子的季节分布、谱峰分布及其来源对于大气气溶胶的发展有极其深远的意义,同时研究水溶性离子的理化特征可深入认识颗粒物的健康效应及气候效应,研究区域颗粒物来源可为政府制定有效污染控制措施提供合理的科学依据。本研究主要在我国长江三角洲典型地区,于2012年10月-2013年7月利用Andersen分级采样器采集了杭州、苏州、临安、南京的大气颗粒物样品,利用离子色谱仪分析无机水溶性离子,使用电感耦合等离子体质谱仪ICP-MS分析金属元素,进一步阐述了长三角地区水溶性无机离子及元素的污染特征和时空变化规律,并提出了防治控制措施。结果表明：长三角四个监测点水溶性离子质量浓度是在细粒子中的含量远大于在粗粒子中的含量。细粒子中水溶性离子质量浓度ρ(WSIs)冬季>秋季>春季>夏季。细粒子中p(WSIs)南京>苏州>杭州>临安。各观测点粗、细粒子中均为二次离子S042-、NO3",False,否
表观污染特征物质及污染水体分类研究,孙娜,"0
source        硕士
source    苏州科技学院
Name: 117, dtype: str",,景观功能是城市水体的主要功能之一，水体表观恶化是影响景观功能的主要原因。表观污染程度不同的水体所呈现的表观效应差异明显，而且在某一类型表观污染水体中，存在呈现高浓度特点且有别于其他类型水体的污染物即特征污染物，通过对这类特征污染物的识别，能够达到表征不同类型表观污染水体的目的。为揭示水体表观污染特性、制定表观污染控制对策提供理论依据，本文以苏州古城区和高新区40多处采样点为研究对象，经历长达近2年的连续水质监测观察，并结合前2年相同位点的监测数据，采用数理统计软件和宏观统计分析方法，识别表观污染水体的特征污染物，并利用表观特征污染物对不同污染类型水体进行分类分析，建立了一种表观污染水体的分类方法，并验证了该方法的可行性。具体开展了以下工作： 	（1）对31处采样点所得的约400组监测观察数据进行因子分析，找出了影响水体表观效应的主要污染物，分别为高锰酸盐指数（Im）、氨氮（NH3-N）、总磷（TP）、紫外吸光度（UV254）、硫化物（S2-）、透明度（SD）、浊度和叶绿素a（Chl-a），经分析表明，水体表观污染主要受有机物、悬浮颗粒物、营养盐、藻类等影响。通过宏观数据分析，识别出表观,False,否
底泥悬浮技术对缓流水体水质改善的应用研究,汪明,"0
source        硕士
source    苏州科技学院
Name: 118, dtype: str",,底泥扰动后，悬浮物对水体中的磷具有较好的吸附和固定作用，对其他污染物如氮和有机物也有一定吸附去除作用。然而，底泥及水体中磷的迁移转化不仅受到扰动的影响，同时也受到水温、藻类繁殖等因素的影响。以往对上述3种因素综合影响下磷的迁移转化的研究不多。因而，以实际水体为研究对象，解析扰动、水温、藻类等多重影响下磷的迁移转化规律具有重要的科学意义，结合底泥悬浮技术在实际水体中的应用效果分析了该技术的应用前景。本文以梅梁湾为研究对象，分析了年际变化条件下水体和底泥中不同形态磷的变化规律，研究了底泥悬浮技术对实际水体中氮磷等营养盐的影响，以期拓展底泥悬浮技术的应用空间。 	研究发现，在2013年对太湖梅梁湾的上覆水和沉积物中各形态磷做逐月的监测中，上覆水中TP、PP、DTP、DIP和BAP的含量均呈现出“夏秋高”、“冬春低”的趋势。同时，藻类生物量也显示了类似的规律。在风浪扰动、藻类生长以及水温等的多重作用下，DTP和BAPP间呈现了相互转化的趋势，在6～10月期间，DTP占BAP的百分比(69.33%，平均值)明显高于BAPP(30.67%，平均值)，这一数值也高于DTP的周年平均值(56.63%),False,否
江苏沿江城市大气污染变化规律、评价及影响因素分析,陈诚,"0
source        硕士
source    南京农业大学
Name: 119, dtype: str",,"经济的快速发展及城市化进程的加快,导致大量的污染物集中排放到空气中,使得我国很多城市呈现多种污染物以高浓度并存的现象,这些污染物之间发生复杂的相互作用,引起灰霾及大气复合污染现象。大气复合污染表现为大气氧化性增强、能见度显著下降以及环境恶化趋势向整个区域延伸；在污染本质上表现为污染物之间源和汇的相互交错、污染转化过程的耦合作用以及环境影响的协同效应。长三角、珠三角、京津冀等地的观测说明这些地区同时存在高浓度的气态污染物和细颗粒物,特别是氧化剂,同时呈现出典型的大气复合污染特征,表明我国主要经济发达地区的大气复合污染已变得日益严重。江苏省沿江城市群是我国经济发达、人口密集的地区之一,尤其是进入21世纪以来,工业化、城市化进程明显加快,造成工业废气、机动车尾气、大气气溶胶等空气污染物排放量的不断增加,大气中二氧化硫(S02)、碳氢化合物(HC)、氮氧化物(NOx)和颗粒物等急剧增加,以臭氧(03)为代表的光化学污染和细颗粒物为代表的霾污染日趋严重,改变了该地区大气化学组成。这些地区呈现了煤烟型与机动车尾气污染共存的特殊大气复合污染格局,具有明显的局地污染和区域污染相结合、污染物之间相互偶合",False,否
宁波防护林带生态系统服务功能定量分析与价值评估,涂克环,"0
source        硕士
source    华东师范大学
Name: 120, dtype: str",,"本研究以宁波市辖区余姚市和镇海区防护林带为研究对象,建立了针对城市森林生态系统服务功能价值评估的指标体系：涵盖调节、支持和文化3大功能组,包括净化大气环境、调节温湿度、涵养水源、固碳释氧、生物多样性保护、积累营养物质、森林游憩、固持土壤等8个指标类型,下设提供负离子、吸收污染物、降低噪声值、降低空气细菌含量、阻滞PM10、阻滞PM2.5、夏季降温增湿、调节水量、净化水质、固碳、释氧、物种保育、林木营养积累、森林游憩、固持土壤等15项指标；分别在防护林带植物生长的复苏期(3月)、茂盛期(6月)和凋落期(11月)进行实地采样和测定,根据实测数据和实验室分析数据,在对防护林带生态服务功能定量化的基础上,通过市场价值法、替代成本法和条件价值法等评估方法对其价值进行估算,以期准确反映防护林带生态系统服务功能及其价值特点,解释公众、政府部门关心的城市林地建设投入与产出问题；并通过与杭州市淳安县、上海市及镇海区的横纵比对研究,诊断宁波防护林带生态系统服务功能的现状,进一步提高已发挥功能,并拓展其潜在功能,为城市经济、社会和环境可持续发展的政策制定和实施提供数据支撑。 	本研究主要得到以下结论： 	(",False,否
江苏省重点公益林生态服务功能及价值评估,赵硕,"0
source        硕士
source    南京林业大学
Name: 121, dtype: str",,"森林生态系统在维护人类生存环境和改善陆地气候条件方面发挥着重要的作用，对其生态服务功能及价值的评估已成为当前研究的热点之一。本文以江苏省重点公益林为研究对象，在分析了江苏省重点公益林特征、生态服务功能评估指标及评估方法的基础上,依据国家林业局发布的《森林生态系统服务功能评估规范》（LY/T1721-2008）标准，结合长江三角洲城市森林生态站长期监测数据和江苏省森林资源二类调查资料，对2009年江苏省重点公益林的生态服务功能及价值进行了评估；并在评估结果的基础上，利用系统动力学原理和STELLA软件对江苏省重点公益林2010～2030年间生态服务功能价值进行了动态仿真模拟，以期为江苏省重点公益林规划、保护和管理提供理论依据及科学指导，在确保区域生态安全的前提下充分发挥重点公益林的生态服务效益。主要研究结果如下： 	1．江苏省重点公益林生态服务功能总物质量为：涵养水源14.85亿t；固土681.69万t，保肥28.62万t；固碳187.86万t，释氧457.95万t；积累营养物质22.87万t；吸收二氧化硫3.27万t，吸收氟化物0.13万t，吸收氮氧化物0.16万t，滞尘462.01万",False,否
源成分谱替代与受体数据扩展的方法及在兰州市PM<sub>10</sub>源解析中的应用,景毅,"0
source      硕士
source    兰州大学
Name: 122, dtype: str",,"研究发现大气颗粒物对人类健康风险、空气污染以及全球气候变化均存在不利的影响,了解与研究大气颗粒物的来源及排放特征对大气污染控制非常重要,源解析技术正是对大气颗粒物的来源进行定性或定量解析的方法。受体模型已成为分析颗粒物来源的重要工具,其中化学质量平衡模型(CMB)与多元统计模型被广泛应用。源成分谱确定的合理性和准确性直接关系到CMB模型解析结果的可靠性；多元统计模型对环境受体数据量有较高的要求。因此,本文对源成分谱的替代可行性与合理性进行分析与验证,并采用正态分布原理进行环境受体数据的建立。在上述源成分谱与受体数据处理的基础上,对2010年与2010年12月-2012年1月分别测定的兰州市可吸入颗粒物(PM1o)样本中的无机组分(金属元素与水溶性离子)及PAHs进行源解析研究,判断主要的污染源并得到各源类的贡献率。 	(1)区域可替代源成分谱数据的建立方法 	应用系统聚类和方差分析方法,对收集到的我国35个城市的PM1o有效实测源成分谱进行聚类和区域的划分。对聚为一类的各城市源成分谱进行主成分分析,所得主成分得分系数作为权重,加权运算建立可替代源成分谱。利用R、CD以及CMB模型解析所",False,否
城市化对城市气象环境影响研究,钱俊龙,"0
source      硕士
source    南京大学
Name: 123, dtype: str",,"长三角地区是中国城市化发展最快的城市群,近年来,城市化发展带来很多气象和环境问题,如热岛增强、灰霾频频出现。本文利用南京大学城市空气质量预报系统(NJU-CAQPS)对长三角典型城市苏州地区和杭州地区城市化发展对城市气象环境的影响分别进行研究。苏州地区选取2010年1、4、7、10月中旬共19天进行模拟,主要得到以下结论：(1)模拟的苏州城市热岛强度为1.2℃,城区和郊区相对湿度分别为69.9%和71.9%,风速分别为3.2 m·s-1和3.8m·s-1,城区下风向(城区西部)为静小风区,且呈辐合状。(2)北部郊区局地PM10和PM2.5严重超标,硫酸盐、硝酸盐等二次污染物浓度高值区位于主城区西部；城区PM10和PM2.5高出郊区约30%,有机碳、硝酸盐和黑碳高出郊区1-2倍。(3)通过改变城市建筑参数和地表类型参数的敏感性试验,研究发现,建筑影响可导致城区平均风速降低0.15-0.3 m·s-1,能见度降低O.1km,PM2.5浓度升高0.4-0.8μg·m-3,局地最大增加6-12μg·m-3；城市面积扩张导致风速降低约0.6 m·s-1,能见度降低0.3～0.4km,PM2.。浓",False,否
基于大气环境容量的无锡市区城市规模控制研究,宋抟,"0
source      硕士
source    南京大学
Name: 124, dtype: str",,"随着经济的不断增长,中国城镇化水平不断提高,无锡是长江三角洲地区重要的经济发达城市,近年来也经历了快速工业化与城镇化过程。城市规模不断增长的无锡市区在近年来受到了以雾霾天气为代表的空气污染事件的侵害,环境质量与居民健康遭到严重威胁,因此迫切需要进行基于环境容量的城市发展规模控制的研究。 	目前,对城市人口与经济规模的研究大多集中在城市规划研究领域,从环境学角度出发的城市规模控制研究主要是基于水环境容量的城市人口与经济阈值分析。因此,如何利用大气环境容量合理确定城市规模是政府部门需要面对的重要问题。 	围绕这一科学问题,本文提出了一套基于大气环境容量约束反向求解城市发展规模阈值的思路和方法框架： 	1.对无锡市区大气环境现状进行分析研究,确定主要大气污染物类型作为研究对象,采用A-P值法计算无锡市区及各行政区大气环境容量。 	2.设置2010年至2020年问无锡市区大气污染物排放强度年均削减率的高、中、低三种情景方案,预测各情景方案下2020年无锡市区大气污染物排放强度,进而据此计算2020年三种不同情景方案下无锡市区地区生产总值及人口的规模阈值。 	3.分析在大气环境容量的约束下,20",False,否
苏州地区PM<sub>2.5</sub>和PM<sub>10</sub>时空变化特征及其影响因子分析,江瑶,"0
source          硕士
source    南京信息工程大学
Name: 125, dtype: str",,"近十年来,随着经济建设和城市化的快速发展,中国区域高浓度颗粒物(Particulate Matter, PM)污染事件频发,特别是经济发达的长三角地区。这不仅严重影响了城市空气质量、生态环境和经济发展,同时对居民的身体健康也造成了极大的危害,所以改善空气质量已成为政府部门和社会各界最迫切需要解决的问题。苏州作为长三角的代表城市,研究苏州地区PM2.5和PM10时空分布特征对进一步完善城市规划,制定该地区防污减排政策具有一定的现实意义。 	本文详尽分析了2012年苏州、昆山和太仓三个环境监测站的PM2.5、PM10、氮氧化物(NOx)、二氧化硫(S02)、一氧化碳(CO)和臭氧(03)等空气污染物观测资料以及同期三个站点的气象观测数据,揭示了该地区PM2.5和PM10的时空分布特征；基于BP神经网络模型,评估各个气象要素和化学因子对PM2.5和PM10的浓度影响；结合上海宝山气象站的探空资料,对一次典型的高浓度PM污染过程中的气象条件进行系统分析。研究表明： 	1)苏州地区PM2.5的日变化和季节分布特征显著。PM2.5的极大值出现在上午8-9点,与上班高峰相一致,表明人为排放源起着重要",False,否
南京及周边城市气溶胶质量浓度及其水溶性离子和元素特征分析,薛国强,"0
source          硕士
source    南京信息工程大学
Name: 126, dtype: str",,"为研究长三角PM10、PM2.1和PM11中水溶性离子和元素的季节变化和其主要来源,分别在南京市区和北郊进行了常年的观测,和在长三角5城市进行一年观测。得到了南京及其周边城市气溶胶及其水溶性离子和元素的季节变化并做了来源分析。 	(1)①南京市区和北郊PM10、PM2.1、PM1.1颗粒物浓度顺序均为冬季>春季>秋季>夏季,春夏秋季节三种颗粒物浓度北郊高于市区,冬季相反。②检测的十种离子SO42-、NO3-、Ca2+、NH4+、Cl-、K+、Na+、F-、 NO2-、Mg2+在总质量浓度为市区46μg.m-3,北郊39.6μg.m-3,对市区和北郊PM1.1、PM1.1～2.1.、PM2.1～10的贡献率分别为56%、49.5%、20.4%和42.5%、37.9%、18.3%。③主要离子SO42-、NO3-、NH4+、Ca2+浓度季节变化明显,在市区冬季高,夏季低,在北郊春季高,夏季低,南京地区季节性的气候变化和市郊两地的复杂下垫面和人为影响是影响离子浓度季节变化的主要原因。④NH4+、SO42-、NO3-的前体物NH3、NOx、SO2的转化夏季主要来自汽车尾气,冬季汽车尾气和燃煤排放",False,否
长江有机氮的输送和转化,沈冰良,"0
source        硕士
source    华东师范大学
Name: 127, dtype: str",,"氨基酸是最重要的河流和海洋有机氮成分,认识河流颗粒有机氮(PON)的来源、分布、迁移和转化以及对海洋有机氮循环输送的影响具有重要的意义。本研究基于HPLC技术(高效液相色谱)应用外标法对颗粒态氨基酸PAA的进行测定,测定了：(1)长江流域悬浮颗粒氨基酸、对应表层沉积物的氨基酸和同区域内土壤样品的氨基酸浓度,组分等参数;(2)2008年,2009年和2010年长江口常年月度观测站的颗粒态的氨基酸浓度,组分等参数；(3)2007年四季苏州河黄浦江的颗粒态的氨基酸浓度,组分等参数。分析研究区域内,颗粒氨基酸的迁移转化的分布。 	对于长江三年四次航行,进行了悬浮颗粒氨基酸主要分析,同时分析了部分对应沉积物和同区域内土壤氨基酸样品,结合氨基酸降解系数,对比分析了三者(悬浮颗粒态、沉积物、土壤)氨基酸的组成成分和相互关系。长江悬浮颗粒物降解程度中等,同时受浮游植物的现场生产和土壤有机质的输送影响,季节变化规律在春季先升高到夏季到达最高值,而在洪水期间有波动,然后再降低,年底有上升的变化规律。调查的颗粒有机物在长江流域的分布,输送和变化,并初步计算PAA-N的中下游流域通量变化。 	2008-201",False,否
长三角城市群灰霾污染与颗粒物理化性质的关系,程真,"0
source      博士
source    清华大学
Name: 128, dtype: str",,当前我国东部城市群地区灰霾污染日益加剧，但能见度与颗粒物理化性质之间的关系却仍不清楚。本研究以长江三角洲城市群为对象，通过历史资料调研、区域联合观测和现场加强试验，对长三角地区的灰霾污染长期变化趋势、灰霾污染类型及成因、能见度与颗粒物浓度及化学组分的定量关系开展了深入研究，为建立科学的灰霾评价体系和制订区域灰霾污染控制对策提供科学依据。 	对长三角地区过去三十年的能见度、气象及污染物浓度分析表明，该地区年均能见度从1980年的15.7km下降到2010年的13.2km，2001年之后杭州、南京和苏州的灰霾天数从1980年的50、40和20天增加到160、140、70天。颗粒物特别是细颗粒物污染加重是造成能见度下降、灰霾天数增加的根本原因。 	基于长三角五个城市六个站点的一年期联合观测，甄别出四类典型灰霾污染类型：春季沙尘暴的影响以粗颗粒的地壳元素为主；夏收秸秆焚烧对PM2.5浓度的贡献达到23-48%；接地逆温为特征的静稳天气、秋收秸秆焚烧和大雾天气对秋季灰霾的形成和持续起了重要作用；冬季冷空气过境后的静稳天气和江浙沪之间的污染输送是污染形成累积的主要原因。 	长三角地区可吸入颗粒物、,False,否
城市雨水径流污染特征及排水系统模拟优化研究,汉京超,"0
source      博士
source    复旦大学
Name: 129, dtype: str",,"近年来,随着城市化进程的不断加快和城市人口的不断增加,城市大气和屋面、路面等下垫面遭受到日益严重的污染。雨天在城市地表中累积的大量污染物被雨水径流冲刷和裹挟到城市受纳水体中,造成了严重的污染和破坏。雨水径流污染已经成为城市水环境污染的主要原因之一。因此,为了更好的保护城市水体,非常有必要开展城市雨水径流污染特征及排水系统模拟优化研究。 	本研究首先针对我国南方典型临海盆地型平原城市福州市,研究了其雨水径流的瞬时浓度和事件平均浓度(EMC)的分布变化、污染物之间相关性和径流的初期效应等污染特征。结果表明在14场代表降雨中,旧城区不同居民区地表径流COD、NH3-N、TP和SS的EMC均值分别在95.5～194、2.57～3.33、0.75～1.39和149～240mg/L之间,而新城区的相应指标则在74.1～84.0、1.62～1.84、0.34～0.37和117～128mg/L之间,旧城区雨水径流的污染水平明显高于新城区。14场降雨中,SS与COD之间的线性关系最好,均呈现出显著的相关性。此外,福州市居民区、商业区和办公区地表和雨水排放口径流均存在一定的初期效应,虽然并不是特别显著。 ",False,否
无锡惠山三种游憩林生态保健功能研究,古琳,"0
source           博士
source    中国林业科学研究院
Name: 130, dtype: str",,"城市游憩林作为重要的城市森林,为人们提供了最便捷的生态游憩场所,同时也在美化城市景观、改善空气质量、维护城市生态平衡、促进居民身心健康等方面发挥了重要作用,因此,了解城市游憩林的生态保健功能及其变化规律显得日益重要。本文以无锡惠山森林公园为研究对象,于2011年秋、冬季和2012年春、夏季的游憩时段内(5:00～19:00),通过实地持续监测和室内样品分析相结合的方法,研究了香樟林、湿地松林和栓皮栎林等三种游憩林内小气候及气候舒适度、空气挥发物、负离子、颗粒物、含氧量等空气保健指标的时间变化规律,并于春季在惠山林缘道路和城区河埒广场绿地作了对比观测,得到如下主要结论:1.与惠山林缘道路和城区广场相比,三种游憩林表现出明显的调节气候舒适度、释放更多有益挥发物、降低空气颗粒物、增加负离子和氧气浓度等生态保健功能。2.惠山三种游憩林各项生态保健指标在年度内具有显著的季节变化特征。①光照春季最强,气温夏季最高,空气湿度夏、秋季最高,风速季节变化不显著,林内气候舒适度春季最好,春、夏、秋季达到“舒适”。②总挥发物种数和浓度为春、夏季高于秋、冬季,夏季有益挥发物种数最多,夏、秋季有益挥发物总浓度较",False,否
苏南三市大气颗粒物污染特征研究,汤蕾,"0
source          硕士
source    南京信息工程大学
Name: 131, dtype: str",,"采用高时间分辨率的监测仪器,同时对三个经济比较发达的地区进行大气颗粒物的监测,对其时空分布特征进行了研究,结果表明：2012年苏南三市大气颗粒物污染严重,其污染程度：南京>常州>苏州,污染物的质量浓度受到污染源和季节变化的影响,颗粒物主要以细粒子为主；南京和苏州春节、元宵节期间因大量燃放烟花爆竹导致可吸入颗粒物浓度升高,主要以细颗粒物为主,但因两地人为活动及天气条件的差异,颗粒物质量浓度分布特征有所不同。沙尘过境使南京大气中可吸入颗粒物质量浓度大幅度增加,粗粒子贡献显著； 	2011年秋冬季苏南三市PM2.5及其水溶性离子和元素的分布特征及来源,结果表明：2011年秋冬季苏南三市细粒子污染严重,其中苏州污染最重,常州次之,南京最轻,水溶性阴离子均以硫酸根和硝酸根为主,阳离子则是以钙离子和镁离子为主,细粒子主要以二次气溶胶为主,苏南三市细粒子的主要元素是钙,其次是铝,其中南京在采样期间受到秸秆焚烧的影响,钾元素明显增大,苏南三市细粒子受多个污染源影响,南京主要受生物质燃烧、地表扬尘、柴油燃烧等的影响；常州主要受地表扬尘、生物质燃烧,五金工业,汽车尾气排放等的影响；苏州主要受地表扬尘、生物",False,否
典型城市群大气复合污染特征的数值模拟研究,李莉,"0
source      博士
source    上海大学
Name: 132, dtype: str",,大气臭氧和细颗粒物与其前体物之间存在高度非线性关系，加上垂直输送、水平输送、云雾过程、气相化学和气溶胶化学等物理化学过程的作用，使得对流层臭氧和细颗粒物的生成过程极为复杂。研究掌握大气O<sub>3</sub>和PM<sub>2.5</sub>的生成过程，诊断其主控因素，不仅是大气复合污染生成机制的核心问题，也对科学防控政策的制定十分重要。 	本论文以中国典型城市群长江三角洲为研究区域，利用气溶胶和光化学污染在线高分辨率观测手段，筛选了典型O<sub>3</sub>和PM<sub>2.5</sub>污染季节；基于活动水平数据更新了2010年长三角城市和区域大气污染物排放清单；利用MM5-CMAQ空气质量模型系统再现典型大气复合污染过程，并采用综合过程速率分析（IPR）方法研究了各种物理和化学过程对长三角典型城市不同高度层大气O<sub>3</sub>和PM<sub>2.5</sub>浓度的污染贡献；利用O<sub>3</sub>/NO<sub>z</sub>及H<sub>2</sub>O<sub>2</sub>/HNO<sub>3</sub>指示剂法探讨了长三角区域典型城市臭氧污染的主,False,否
空气污染对城市居民的健康风险与经济损失的研究,赵文昌,"0
source        博士
source    上海交通大学
Name: 133, dtype: str",,空气污染对人类及其生存环境造成的危害与影响，已逐渐为人们所认识。空气污染可分为室外空气污染和室内空气污染。室外空气污染物包括气态污染物、颗粒态污染物等；室内空气污染是由于各种原因导致的室内空气中有害物质超标，进而影响人体健康，有害物质包括甲醛、苯、氨、放射性氡等。近二三十年来我国东部地区空气污染加剧，其中霾污染正演变成为我国城市大气中主要污染之一，引起了普通民众和科学界的广泛关注。目前国内外关于空气污染对城市居民的健康风险、由此造成的经济损失、室内空气污染特征以及对居民的健康影响还缺乏系统的研究。 	为了深入了解空气污染对城市居民的健康影响，本论文对人群暴露空气中可吸入颗粒物（PM10）、二氧化硫和二氧化氮、霾污染、颗粒物上持久性有毒污染物（PTS）的健康风险进行了评价。同时，考虑到室外空气污染对室内空气质量的影响，建立了计算室内空气污染物浓度的数学模型，应用此模型计算了室内空气中典型PTS和甲醛的浓度；对室内空气污染物甲醛、氨和挥发性有机污染物的控制方法及其健康效应进行了研究。 	论文主要结果与结论如下： 	2005-2009年长江三角洲地区（YRDR）25城市PM10平均浓度为52,False,否
苏州市高新区不透水表面雨水径流污染与控制研究,赵晓,"0
source        硕士
source    苏州科技学院
Name: 134, dtype: str",,随着经济的高速发展和城市化水平的提高，城市地表不透水面积不断增加，导致了愈发严重的城市雨水问题。城市降雨地表径流特别是降雨初期径流，携带了较多的污染物，通过管网排入河道对城市水体造成了生态破坏与水体污染。目前，我国多数城市存在水质型或资源型缺水问题，而雨水作为一种可利用资源却没有得到充分利用。 	本文以苏州高新区作为研究区域，对多场降雨不同下垫面的径流水质进行监测，初步掌握了高新区降雨水质特征与地表径流的污染情况，这为有效地控制雨水径流污染和安全合理的利用雨水资源，从而解决雨水问题提供了基本参考依据。本文选取苏州新区沥青路面和三种类型屋面（混凝土屋面、瓦屋面、沥青屋面）作为新区典型的不透水表面，对四种汇水面的降雨径流水质进行监测分析，实验研究得出如下结论： 	⑴屋面径流水质相对于道路径流水质污染较轻，屋面径流污染物主要为耗氧物质和固体颗粒物质，但由于屋面材料性质的不同，不同屋面径流的污染程度差异比较大。与屋面径流相比，路面径流状况比较复杂，径流污染物COD、SS、TN、TP等指标均较高。 	⑵在降雨产流过程中，虽然径流中各污染物浓度在降雨进行的过程中可能有一定起伏，但变化总趋势是一致的,False,否
细颗粒物和臭氧对我国居民死亡影响的急性效应研究,杨春雪,"0
source      硕士
source    复旦大学
Name: 135, dtype: str",,"目的：由于缺乏细颗粒物(PM25)和臭氧(O3)的监测数据,我国探讨PM2.5和O3的急性健康效应的研究十分有限,而且结果很不统一。此外,不同量纲的O3与居民健康的关系也存在争议。本研究的目的包括：①分析广州市PM2.5污染对居民每日死亡影响的急性效应；②探索苏州市不同量纲的O3浓度对于居民每日死亡的影响。 	方法：在广州,我们测量了2007-2008年PM2.5的每日浓度,采用时间分层的病例交叉方法,探讨PM2.5浓度与居民每日死亡的关联,以及年龄、性别、教育程度等潜在的效应修饰作用。在苏州,我们收集了不同量纲的O3浓度(1小时最大、8小时最大平均和24小时平均),采用自然平滑曲线的广义相加模型(GAM),分析O3与居民每日死亡的关联,并探索季节、年龄、性别和教育程度对O3效应的修饰作用。 	结果：在广州,2007-2008年期间平均的PM2.5每日浓度为70.1μg/m3,远高于世界卫生组织(WHO)大气PM2.5的质量准则值(年均值：10μg/m3)。回归分析表明,PM2.5与总死亡率和心肺疾病死亡率相关。在滞后天数选择0-1的情况下,PM2.5每增加10μg/m3(lag01)",False,否
城市灰霾对边界层气象条件影响的研究,张剑,"0
source      硕士
source    南京大学
Name: 136, dtype: str",,"本文利用苏州市2009年7月至2010年5月的颗粒物(包括黑碳、PM25和PM10)质量浓度、能见度、相对湿度、风速、风向、气温的观测资料,分析了颗粒物质量浓度的时间分布特征、能见度和颗粒物浓度及气象要素的相关关系。本文将辐射传输模式SBDART (Santa Barbara DI SORT Atmospheric Radiative Transfer)与南京大学空气质量预报系统(NJU-CAQPS)耦合,建立了考虑城市边界层-气溶胶-辐射相互作用的边界层模式,利用该模式对2010年10月13日的颗粒物和气象要素进行了模拟,探讨了辐射过程对城市气象特征和污染物分布的影响,通过敏感性数值试验研究了云对气溶胶-辐射相互作用的影响。本文得到了如下一些主要结论： 	(1)苏州PM10月均质量浓度均超过了国家空气质量一级标准(日平均浓度50.0μg/m3),其中2010年1、3月超过了国家空气质量二级标准(日平均浓度150.0μg/m3)。PM2.5月均质量浓度均超过了国家空气质量一级标准(日平均浓度35.0μg/m3),其中2009年8月、11月,2010年12月、1月超过了国家空气质量二级标",False,否
无锡惠山地区秋季毛竹游憩林生态保健功能研究,张晶,"0
source           硕士
source    中国林业科学研究院
Name: 137, dtype: str",,森林旅游逐渐成为城市居民假期生活的一项重要选择，而竹林作为一种具有特殊美感和文化内涵的游憩林分，受到人们的广泛喜爱。本文以无锡惠山森林公园与青山公园毛竹林为例，以气候舒适度、空气悬浮颗粒物（包括TSP、PM10、PM2.5）、空气负离子水平、有机挥发物为指标研究竹林的生态保健功能，并以该林分的林缘作为对照进行分析。通过研究，得出以下结论： 	1、竹林具有巨大的生态保健作用，可以有效的达到改善小气候环境、降低空气颗粒物浓度、增加空气负离子含量，以及释放许多对人体健康有益的有机挥发物。 	2、白天竹林由各指标所反映的空气质量和最适游憩时间不尽相同。①人体气候舒适度在早上和下午最高，中午最低。②空气颗粒物浓度在中午最低，上午和下午相对较高。③空气负离子浓度的高峰期出现在中午13:00左右，上午和下午较低。④植物有机挥发物的日变化趋势近似呈“三峰三谷”型，高峰期出现在1:00、11:00～13:00及21:00，其中对人体健康有益的挥发物成分在3:00、9:00、13:00～17:00出现高峰，对人体健康不利的挥发物浓度在1:00、7:00、23:00出现高峰。 	3、林分密度和小气候环境会对,False,否
自带粉体层滤膜的多层滤料颗粒床过滤特性研究,黄三,"0
source      硕士
source    宁波大学
Name: 138, dtype: str",,高温烟气除尘技术在能源工业和环境保护领域越来重要。在包括陶瓷管过滤器、陶瓷微孔过滤器、金属微孔过滤器、颗粒床过滤器等众多过滤技术中，颗粒床以其廉价、耐高温等优势被国内外公认为高温除尘领域最具发展潜力的技术之一。普通颗粒床过滤器对于微米及亚微米烟尘的过滤效果不理想，这一缺陷限制了颗粒床过滤器在一些高要求领域的应用，如IGCC、BGF等。颗粒床对微米及亚微米烟尘的过滤主要靠在颗粒床表面形成的粉饼进行，利用这一特性，在普通颗粒床表面添加一层人工粉体层滤膜后将能有效的提高颗粒床对微米及亚微米细颗粒烟尘粒子的过滤效果。本文根据这一构想，进行了流化选料研究和过滤特性研究（过滤研究对象为粒径为0.355～0.6mm厚20mm的海砂+150～250目石英砂粉体层组成的粉体滤膜颗粒床），主要结论如下： 	（1）0.355～0.5mm海砂与150～200目石英砂粉、0.355～0.5mm海砂与200～250目石英砂粉、0.5～0.6mm海砂与150～200目石英砂粉能组成滤料对，对滤料共同流化清灰后，粉体层滤膜不被完全破坏，还能形成有效滤膜覆盖。（2）添加粉体层滤膜能有效提高颗粒床对微米及亚微米烟尘的过滤,False,否
城市道路初期雨水快速处理技术研究,陶霞,"0
source      硕士
source    清华大学
Name: 139, dtype: str",,"本研究对城市道路雨水径流水质状况进行了采样分析,进行了人工模拟道路初期雨水快速过滤实验研究,设计了常州晋陵泵站道路初期雨水示范工程,对工程效果和环境效应进行了预测和评估。 	道路雨水径流的收集和分析表明,道路初期雨水污染严重,SS、COD浓度均超过《污水综合排放标准》二级标准(GB8978-1996),可生化性差,颗粒态COD占总COD的60%,4～6环PAHs占总PAHs含量的67～86%,粒径大于45μm的颗粒占总SS的80%,各污染物均存在不同程度的初期冲刷现象。初期冲刷程度与降雨前晴天累积天数及降雨强度均有关,初期冲刷与污染物种类有一定的相关性。NH3-N的初期冲刷程度明显。 	道路初期雨水动态进水实验研究表明,石英砂-活性炭柱去除效果优于沸石柱;水力负荷为2m3/m2h时,污染物去除效果较好;随着过滤体积的增大,对SS的削减率不断增大,可达97%;过滤初期对COD、TN、NH3-N、TP削减率分别可达64.6%、58.3%、48%、55.9%,过滤16.5空柱体积的初雨后对COD、TN、NH3-N、TP削减率分别降为44.2%、17.8%、5.4%、6.3%;对于萘(Nap)",False,否
降低二次有机碳对大气颗粒物源解析影响的研究,吴琳,"0
source      博士
source    南开大学
Name: 140, dtype: str",,"化学质量平衡(CMB)模型是根据质量平衡原理建立起来的受体模型,广泛应用于大气颗粒物来源解析研究中。在源解析研究中,由于大气颗粒物中的二次有机碳(SOC)不是一次污染源的排放物,而是由挥发性有机物(VOCs)在大气环境中经过光化学氧化反应生成的,因此难以获得SOC源的成分谱,这样造成了纳入CMB模型进行计算的受体中含有SOC组分,而源类中却没有相应的SOC排放源的成分谱,使源与受体的匹配程度降低,导致CMB模型计算结果的不确定性增大,这是一直困扰着CMB模型的可靠性的重要难题。 	本论文针对SOC源成分谱难以确定的难题开展研究,提出了采用OC/EC最小比值法来估算受体颗粒物中SOC的浓度,在此基础上,重新构建受体成分谱,使碳组分在受体和源之间更加匹配,建立了修正的CMB模型方程,有效地解决了二次污染物SOC对CMB模型的影响,也为解决二次颗粒物的源解析提供了可借鉴的技术方法。 	针对SOC定量困难及目前缺乏碳分析方法的统一标准(尤其是OC、EC的界定)等问题,本研究对同一样品中的碳组分同步采用元素分析(EA)法和热-光碳反射(TOR)法进行测定,结合两类分析方法的原理,对测量结果进行了",False,否
镇海区酸雨污染调查及减排对策研究,孔乐,"0
source        硕士
source    浙江工业大学
Name: 141, dtype: str",,"酸雨是全球性的重大环境问题之一,尤其是在中国,它对生态环境的危害越来越受到社会的关注。镇海区作为宁波市主要港口和重化工业基地,重点发展石油化工、能源等工业,区域内有部省市属大企业32家,6家二氧化硫重点排放企业,酸雨污染呈现逐年加重的趋势。 	论文对镇海区2003-2008年酸雨监测数据和大气污染现状进行了研究分析,结果表明: 	镇海区从2004年开始pH年均值呈下降趋势,酸雨发生频率呈上升趋势,为重酸雨区。酸雨pH值一年内的变化显著,2003年—2008年降水pH月均值变化基本表现为冬、春季降水pH值低,夏、秋季高,特别是秋季降水pH值相对较高,这一变化规律与大气污染和气象因素有关,冬春季大气二氧化硫、二氧化氮浓度高,夏秋季低,污染较轻。对降水酸度影响最大的阴离子是SO<sub>4</sub><sup>2-</sup>,其次是NO<sub>3</sub><sup>-</sup>,阳离子主要是NH<sub>4</sub><sup>+</sup>和Ca<sup>2+</sup>。镇海区降水中的酸性离子不仅已占主导地位,还呈现出持续上升的趋势,碱性物质对酸雨的中和作用虽有增强但影响仍不大。",False,否
宁波市机动车尾气排放特征及污染防治对策研究,胡迪峰,"0
source      硕士
source    浙江大学
Name: 142, dtype: str",,"随着机动车的迅速增加,其尾气排放引起的污染受到越来越广泛的关注。宁波作为东南沿海发达的城市之一,机动车的尾气污染已成为大气环境保护不容忽视的重大问题。本文通过采样EPA MOBILE5、PART5模式,对宁波市机动车行使条件下尾气污染进行了现状和未来十五年的分析和预测,获得如下结果: 	1、开发了实际行驶条件下机动车尾气中VOCs的监测分析方法。 	2、通过对控制技术、车型、行驶速度和行使里程及裂化对VOCs和苯系物排放的影响分析,得出:在实际行驶条件下机动车尾气中共检出47种VOCs,建立了尾气的源成分谱;汽油车的VOCs排放要高于柴油车,化油器车、汽油公交车和出租车是VOCs和苯系物的高排放源;机动车在0（冷启动）和0（怠速）时尾气排放VOCs和苯系物浓度要远远高于正常行驶时排放浓度,当速度在40-60km/h时,尾气中VOCs组分和苯系物含量相对较低;催化剂的失效会造成VOCs和苯系物排放浓度大大增加。 	3、采用美国环保局推荐的MOBILE5、PART5模式及燃料消耗估算方法,计算得到2006年宁波市机动车THC（总碳氢）、CO、NOx排放总量分别为4.9万吨、26.8万吨、2",False,否
城市河流重金属与多氯联苯的污染特征,陈颖,"0
source        硕士
source    上海交通大学
Name: 143, dtype: str",,"近年来,随着社会经济的高速发展和城市生活、生产规模与内容的不断扩大,城市河流污染问题日趋严重,越来越受到各界的高度重视,并已成为环境科学界的研究热点。重金属和多氯联苯(Polychlorinated biphenyls, PCBs)作为城市河流的典型污染物,由于其在环境中作用的持久性以及易为生物富集和放大,历来备受关注,其污染和防治研究是国际环境科学界的一个十分活跃的领域。苏州河是上海市重要的地表水体,在引排水、通航、灌溉等多方面发挥着重要的作用。长期的人为干扰和大量排污,污染负荷远远超过其自净能力,水质受到严重污染,不仅影响市民的日常生活和健康,而且极大地损害了上海国际大都市的形象。20世纪80年代开始,上海市对苏州河进行了一系列较大规模的环境治理,水质虽有所改善,但污染尚未彻底消除,其中底泥的二次污染是最严重的隐患之一。 	本文以苏州河河水、悬浮物及底泥为主要研究对象,对多氯联苯、重金属(Zn、Cu、Pb、As、Hg和Cd)在这些介质中的分布(包括重金属总量分布与形态分布)规律、重金属的迁移累积特征进行了系统研究,对苏州河多氯联苯、重金属的污染特征进行了论证和阐释,以探索重金属、多",False,否
长江流域典型区域空气污染物的航空测量,苏红梅,"0
source           硕士
source    中国环境科学研究院
Name: 144, dtype: str",,在2004年5-6月选取长江流域典型城市地区江苏省常州市、湖北省宜昌市和四川省成都市作为主要研究区域，采用航空垂直测量与地面监测相结合的方法，对大气中SO<sub>2</sub>、NO、NO<sub>2</sub>、O<sub>3</sub>和CO五种主要气态污染物以及PM<sub>10</sub>和PM<sub>2.5</sub>开展了多层次、多方位的外场观测研究，分析和揭示了长江流域大气污染物的污染状况、时空分布、演变规律及其影响因素。通过分析发现在长江流域的三个典型研究区域，均存在不同程度的空气污染；空气污染物呈现非常明显的垂直分布特征，垂直方向随着高度的增加，污染物浓度呈下降的趋势，并且边界层上下污染物浓度相差很大；长江流域SO<sub>2</sub>与NO<sub>x</sub>可能有相同的来源，二者可能大部分来源于固定源排放。空中大气颗粒物中细粒子占有非常重要的地位；大气颗粒物均不同程度地呈现酸性，促进了大气氛围的酸化；长江流域的大气颗粒物中有机碳含量较高；颗粒物中SO<sub>4</sub><sup>2-</sup>离子和S元素浓度很高，表明煤炭燃烧对长江流域颗粒物污染的,False,否
苏州高速公路绿化减噪吸硫滞尘效果初探,姜红卫,"0
source        硕士
source    南京农业大学
Name: 145, dtype: str",,本文以苏州高速公路为研究对象，探索高速公路噪声、二氧化硫、粉尘污染变化的时空规律，应用生态学原理，研究不同的植物、配置、种植方式来提高高速公路绿化减噪吸硫滞尘效果。  1 以苏嘉杭高速公路苏州段为研究对象，检测了绿化的实际减噪效果，同时研究了高速公路噪声的时空变化规律，进行了不同树种、种植宽度、种植形式林带的对比试验，分析林带形式与减噪效果关系。研究结果表明：乔木中香樟、毛白杨、女贞、广玉兰减噪能力突出，20m林减噪可达3.3～4.4dB，灌木中珊瑚树减噪效果突出，20m灌木林减噪可达4.8dB。乔灌木结合的20m绿化防护带种植在高速公路内低外高的弧形曲面上减噪效果最高可达5.4dB，绿化防护林带宽度与减噪效果呈显著正相关。根据苏州高速公路绿化减噪检测结果与噪声变化规律，提出可以显著提高苏州高速公路减噪效果的绿化设计建议。  2 以沿江高速苏州段为研究对象，检测了高速公路绿化的实际吸收SO<sub>2</sub>污染效果，同时研究了苏州高速公路空气SO<sub>2</sub>污染变化规律，分析不同树种、绿化设计对SO<sub>2</sub>污染的净化吸收效果，结合植物的绿量进行分析计算,True,是
苏州市区机动车污染现状调查与预测,邹强,"0
source        硕士
source    南京农业大学
Name: 146, dtype: str",,对苏州市区机动车保有量、燃油消耗量、机动车运行工况、市区道路车流量及车型比例进行了调查，对市区具有代表性的路段进行了监测，分析了环境空气中的二氧化硫、二氧化氮、PM<sub>10</sub>、一氧化碳。对苏州市区空气污染物和环境质量的要素进行分析和评价，针对现状和存在问题，提出了相应的对策。结果表明：  苏州市区机动车运行工况总体较差，行驶过程中处于怠速和减速状况下的运行时间约占总运行时间的44.3％，加速运行时间占33.0％，匀速时间占22.6％，市区机动车平均车速约为25.9公里／小时。  市区机动车污染物排放超标严重，单项指标超标分析显示，汽车CO超标率为16.5％，HC为11.7％，CO及HC均超标的占3.6％，汽油车总超标率为27.8％，摩托车CO超标率为16.4％，碳氢化合物为10％，双超为16.2％。  2004年，苏州市区环境空气质量超过国家二级标准，空气综合污染指数为2.48，主要污染物为可吸入颗粒物及二氧化硫，属轻度污染。氮氧化物的污染分担率逐年上升。  交通路段污染严重，已有臭氧超标现象发生。根据自动站监测结果，2004年度苏州市区交通测点二氧化硫年日均值为0.0,False,否
江苏省主要公路两侧农田土壤及农产品重金属污染状况研究,李波,"0
source        硕士
source    南京农业大学
Name: 147, dtype: str",,"本论文以江苏省境內主要公路为研究对象,对16个调查公路路段两侧的土壤及主要农产品(小麦和水稻)样品进行采集,分别测定样品中铅、铜、锌、镉、镍、铬的含量。通过测定结果分别对土壤和农产品中重金属质量安全进行分析和评价,并对土壤和农产品中重金属污染特征进行分析。在此基础上,进行了公路两侧农田土壤及农产品污染源源强的分析。本论文主要得出以下结论:  1.在所调查的5条公路中,沪宁高速公路与省道连云港段两侧土壤中铅、铜含量较高,104国道徐州段及省道徐州徐庄段含量较低,而铬含量较高。在沪宁公路各路段中,苏州东桥段土壤中铅、铜及镉含量较高;在205国道公路各路段中,淮安高沟段土壤中铅、铜及镍的含量较高;徐州境內两条路段土壤中重金属含量差异不大。对照土壤背景值,公路两侧土壤中铅、铜、镍、镉有不同程度的增加,说明调查路段土壤中已受到以上几种元素的污染,土壤中铬未受到明显的影响。  2.205国道、104国道徐州段及省道两侧小麦籽粒中铅含量相对较高,重金属元素铜、锌、镉含量相对较低,苏北样品大于苏中及苏南样品中铅含量。小麦籽粒中重金属含量高于稻米中重金属含量,沪宁公路与104国道两侧稻米中重金属含量相差",False,否
新型多级冲击采样器性能验证及大气溶胶采集分析,刘运席,"0
source      硕士
source    清华大学
Name: 148, dtype: str",,"大气气溶胶对环境污染、气候变化以及人体健康有着重要的影响,大气溶胶的采集和分析是当前大气环境研究领域中的一个重要的课题。基于颗粒物惯性冲击原理的采样器是目前广泛使用的气溶胶采样装置,本文论证的新型多级冲击采样器是具有自主知识产权的、实现按照大气溶胶颗粒粒径大小进行分离的气溶胶颗粒物采样器,即完成38～10、10～5.0、5.0～2.5、2.5～1.0、1.0～0.5、0.5～0.25、0.25～0.1μm七级不同粒径范围颗粒物的同时分离采集,并且能够提供足量的、大致均匀的平面颗粒物样品以进行后续的物理分析和化学分析。论文的主要内容围绕新型多级冲击采样器的性能验证和大气溶胶颗粒的采集分析展开。在简单阐述了大气溶胶的基本概念、危害、研究的发展趋势及空气动力学相关知识的基础上,讨论了新型多级冲击采样器的工作原理、结构组成和及其各级喷嘴的计算设计方法。参照国际和国内的相关冲击采样器的性能技术指标要求,利用均匀、单分散相的1.5～17μm空气动力学标准粒子,对新型多级冲击采样器的性能指标进行了实验验证,同时与Andersen公司的八级冲击采样器进行了气溶胶采集的质量对比实验,结果表明新型多级冲击",False,否
宁波市环境空气中颗粒物浓度水平、组成及源解析,翁燕波,"0
source      硕士
source    浙江大学
Name: 149, dtype: str",,"本文介绍了大气中悬浮颗粒物的研究现状及进展,重点讨论了大气中悬浮颗粒 物样品的采集、分析和源解析方法,大气悬浮颗粒物的表征、大气化学过程、健康 效应和气候效应等。 研究了宁波市环境空气中颗粒物的浓度水平、粒径分布、组成特征及污染来源。 结果表明:(1) 2003年宁波市环境空气中总悬浮颗粒物(TSP)和PM10浓度分别 为114μg/m3、 84μg/m3,PM10日均值超过大气环境质量二级标准的天数为29天; PM2. 5年均值达55μg/m3,超过美国EPA标准(15μg/m3) 2. 7倍;环境空气中颗粒物 的浓度夏季最低,冬季最高。(2) 悬浮颗粒物主要以细颗粒为主,PM10/TSP为 73. 3%,PM2. 5/TSP为48. 29/0。(3) Pb、NH4+、SO42-、NO3-及多环芳烃主要存在于 PM2. 5中,Cd、Mg、Cu及Cl-主要存在于2. 5-10μm的颗粒物中,而Ca、Fe、Mn等 地壳元素主要存在于大于10μm的粒子中。(4) 悬浮颗粒物的源解析表明,二次粒 子占PM2. 5的26. 3%:汽车尾气对颗粒物中多环芳烃的贡献达56%;典型除尘设施 对小于2",False,否
行星边界层附近不同高度大气颗粒物空气动力学粒径分布特征研究,岳欣,"0
source           硕士
source    中国环境科学研究院
Name: 150, dtype: str",,随着人们对大气环境问题的逐步关注，各国科学家们对大气颗粒物的污染特征和污染状况进行了广泛的研究。在研究大气颗粒物浓度的同时，考察大气颗粒物的粒径分布特征已经成为大气科学家们越来越关注的领域之一。  大气颗粒物粒径分布反映了大气污染源的污染特征和大气污染物的物理和化学转化过程。不同粒径大气颗粒物的太阳辐射特性不同，因而大气颗粒物在高空的分布以及其粒径分布对气候变化有重要影响。  本文通过2002年春季、2002年冬季和2003年夏季3次航空观测，对空中大气颗粒物的粒径分布特征进行了研究。航测区域为中国东部沿海岸线地区，北至丹东，南至珠海。2002年春季飞行的起降机场包括广东珠海机场、广东汕头机场、福建福州机场、浙江路桥机场(浙江义乌机场)、江苏如皋机场、山东青岛机场和大连瓦房店机场，飞行高度为2000m。2002年冬季飞行的起降机场包括江苏常州机场、浙江宁波机场和山东青岛机场，飞行高度为3000m、2000m、1000m和500m。2003年夏季航测为在常州机场上空2800m至400m共7个不同高度的飞行。  利用TSI APS3310A空气动力学粒径谱仪对不同高度大气颗粒物粒径分布特征,False,否
